datetime,model,scene,case,sac_flow,sjr_flow,exports,cu_flow,ndo,dcc,smscg,vern_ec,sf_tidal_energy,anc,bac,bdt,cll,frk,god,gzl,hol2,mtz,old,rri2,snc,sss,tms,tss,uni,x2
2011-10-21,RMA,ft,6,18058.72,4188.23,-9141.49,-134.78,14066.60,0.00,0.00,256.54,1.81,4014.91,427.41,245.45,5274.62,491.78,14278.88,14317.82,455.22,13668.27,397.31,581.76,12963.11,121.87,727.19,770.86,248.13,85.45
2011-10-22,RMA,ft,6,17149.60,4049.07,-9160.49,-141.11,13001.08,0.00,0.00,261.04,2.04,3250.38,426.17,255.65,4263.45,490.63,14040.62,13862.11,455.30,13569.10,354.04,441.04,13031.28,122.09,559.24,630.30,257.05,83.14
2011-10-23,RMA,ft,6,17020.01,4136.59,-8646.49,-46.09,13314.09,0.00,0.00,256.54,2.59,2924.73,424.62,259.18,3972.23,487.07,13874.20,13572.85,454.07,13503.00,331.39,368.37,13111.14,122.15,486.22,568.32,259.07,81.76
2011-10-24,RMA,ft,6,17635.29,4161.37,-10398.49,25.10,12776.91,0.00,0.00,261.46,3.37,2882.38,422.25,258.40,4135.07,486.44,13859.30,13543.02,451.83,13538.25,312.67,338.83,13192.33,122.09,482.54,569.68,258.56,81.42
2011-10-25,RMA,ft,6,19185.94,4452.12,-10948.49,-110.04,14203.70,0.00,0.00,251.13,4.26,2792.74,420.39,258.01,4230.64,488.61,13941.14,13623.12,450.34,13611.33,294.47,321.76,13255.31,124.92,507.03,593.54,257.18,81.80
2011-10-26,RMA,ft,6,21167.36,4578.12,-9749.49,-186.75,17299.90,0.00,0.00,249.96,5.02,2479.38,419.79,252.68,3760.01,480.46,13891.54,13484.04,449.77,13549.66,284.35,307.15,13277.15,126.76,489.65,570.13,251.39,81.17
2011-10-27,RMA,ft,6,22490.56,4849.08,-9482.49,-223.56,18938.11,0.00,0.00,239.17,5.57,2156.60,419.27,247.32,3206.20,469.97,13637.33,13107.30,445.59,13318.55,278.50,295.39,13267.52,126.03,447.96,514.79,246.10,79.64
2011-10-28,RMA,ft,6,23845.11,4879.58,-9452.49,-216.58,20370.23,0.00,0.00,250.58,5.60,1901.26,415.75,244.22,2791.47,464.25,13280.53,12644.82,437.82,13002.18,271.88,285.78,13218.56,126.70,412.24,468.46,244.83,78.51
2011-10-29,RMA,ft,6,24019.21,5160.86,-9397.49,-327.84,21070.56,0.00,0.00,264.00,5.21,1607.01,409.54,252.76,2294.01,454.93,12819.14,12051.34,427.78,12591.30,266.14,276.52,13118.68,128.35,374.00,420.81,254.90,77.14
2011-10-30,RMA,ft,6,23127.55,5139.09,-9586.49,-384.82,20339.66,0.00,0.00,255.29,4.48,1338.99,401.17,259.49,1861.26,442.28,12246.43,11321.21,415.89,12075.47,271.38,271.05,12962.44,128.18,331.81,372.85,259.26,75.34
2011-10-31,RMA,ft,6,21705.63,5122.64,-9803.49,-463.79,19082.12,0.00,0.00,245.29,3.57,1115.68,391.17,253.58,1505.28,426.86,11627.05,10560.26,401.71,11522.06,274.91,271.94,12762.75,126.97,295.05,333.25,252.11,74.14
2011-11-01,RMA,ft,6,20369.59,5293.39,-9811.49,-565.70,18092.08,0.00,0.00,253.21,2.71,905.32,379.78,248.94,1183.35,400.27,10982.70,9768.29,385.26,10959.97,270.87,271.14,12541.03,126.56,261.72,300.63,249.12,72.55
2011-11-02,RMA,ft,6,19214.31,5392.62,-8843.00,783.74,16878.58,0.00,0.00,247.54,2.07,723.26,366.50,250.46,928.12,378.76,10302.69,8882.42,366.34,10356.16,265.81,263.66,12296.79,127.99,234.00,271.21,250.37,70.57
2011-11-03,RMA,ft,6,17702.62,5462.25,-11099.00,800.90,13005.75,0.00,0.00,251.38,1.72,658.07,348.39,250.31,838.51,368.15,9647.40,8163.45,349.58,9756.19,268.18,258.28,12030.08,129.43,211.06,247.72,251.51,69.57
2011-11-04,RMA,ft,6,17158.89,5464.24,-11235.00,705.76,12189.34,0.00,0.00,320.79,1.66,639.04,327.72,274.61,892.21,355.66,9322.19,7998.48,332.58,9468.67,263.46,256.11,11715.95,131.45,202.28,242.01,283.28,70.32
2011-11-05,RMA,ft,6,15624.51,5298.41,-11163.00,714.32,10412.63,0.00,0.00,424.88,1.76,600.92,312.65,345.11,823.64,340.33,9190.83,7978.42,316.67,9389.44,281.87,260.02,11420.63,131.07,204.52,241.33,359.22,70.00
2011-11-06,RMA,ft,6,14651.74,4706.34,-9818.00,188.61,10614.38,0.00,0.00,426.58,1.96,575.66,300.04,411.84,787.96,325.95,9036.69,7882.51,304.83,9234.21,337.79,281.54,11159.80,127.94,198.93,233.43,418.60,69.42
2011-11-07,RMA,ft,6,15030.92,4215.59,-9752.00,357.27,10305.38,0.00,0.00,465.29,2.23,550.60,288.79,435.23,764.21,314.49,8893.70,7758.14,294.16,9089.45,393.60,321.80,10928.75,127.64,197.07,228.48,440.44,69.83
2011-11-08,RMA,ft,6,14565.90,3900.90,-9752.00,571.00,9203.83,0.00,0.00,465.75,2.54,527.63,278.15,457.67,733.89,303.17,8684.36,7522.20,284.67,8853.87,419.91,359.82,10705.73,128.67,192.39,221.02,462.70,69.35
2011-11-09,RMA,ft,6,14796.95,3692.80,-9213.00,679.79,9586.44,0.00,0.00,530.08,2.87,526.39,269.37,477.17,766.02,291.46,8468.85,7319.19,275.68,8593.69,441.43,384.51,10453.20,129.71,189.54,215.70,487.07,69.62
2011-11-10,RMA,ft,6,15175.86,3419.99,-8452.00,712.50,10410.34,0.00,0.00,538.79,3.28,554.92,261.26,513.25,869.40,280.52,8341.52,7256.04,267.26,8396.73,463.39,401.89,10165.53,135.34,189.48,211.97,525.60,70.15
2011-11-11,RMA,ft,6,15499.49,3089.54,-9195.00,1131.31,9211.46,0.00,0.00,545.92,3.43,654.91,252.63,535.15,1144.23,270.09,8456.40,7538.85,258.97,8397.93,494.28,411.51,9844.76,140.65,195.58,212.43,539.48,71.51
2011-11-12,RMA,ft,6,15780.98,2606.15,-8257.00,1045.16,9983.22,0.00,0.00,554.33,3.49,769.71,244.84,541.54,1443.28,261.02,8834.32,8116.92,251.23,8662.80,520.26,417.42,9581.01,141.02,207.23,219.33,546.25,73.51
2011-11-13,RMA,ft,6,15746.45,2402.73,-8248.00,1239.51,9759.70,0.00,0.00,540.46,3.39,790.76,238.29,547.09,1473.37,254.51,9146.88,8499.06,244.47,8916.37,533.13,424.98,9443.07,141.32,210.51,221.42,549.84,73.92
2011-11-14,RMA,ft,6,15474.08,2452.65,-8256.00,1287.89,9517.53,0.00,0.00,546.50,3.03,766.78,232.14,548.25,1392.55,248.86,9268.13,8594.78,238.78,9011.87,539.46,433.47,9379.55,142.77,207.86,218.28,544.91,73.64
2011-11-15,RMA,ft,6,15925.08,2298.05,-8971.00,1251.20,9138.47,0.00,0.00,567.67,2.70,714.45,226.50,545.44,1253.11,243.48,9216.14,8479.38,233.47,8970.28,541.07,441.87,9346.04,144.24,202.36,213.86,548.53,73.16
2011-11-16,RMA,ft,6,16255.66,2130.39,-8632.00,1293.77,9567.69,0.00,0.00,576.21,2.35,653.28,221.84,550.45,1094.51,238.15,9045.52,8229.18,228.32,8826.28,539.98,448.93,9314.19,145.01,195.52,208.46,563.04,72.39
2011-11-17,RMA,ft,6,16463.32,1985.24,-8923.00,1372.46,9197.95,0.00,0.00,579.75,1.95,607.64,217.89,562.23,986.90,234.20,8828.84,7956.38,223.72,8641.50,545.35,453.62,9264.34,144.39,188.33,202.87,573.90,71.67
2011-11-18,RMA,ft,6,16401.85,1840.21,-5652.00,1335.43,12193.90,0.00,0.00,584.50,1.75,590.17,214.70,571.67,975.84,231.12,8668.02,7801.25,219.90,8505.65,554.72,455.31,9185.54,144.50,182.86,199.12,578.93,71.38
2011-11-19,RMA,ft,6,16250.72,1756.21,-6690.00,1112.93,10996.12,0.00,1.00,585.54,1.73,582.72,212.06,577.22,1003.30,227.08,8619.18,7855.98,216.11,8475.09,563.20,455.00,9091.47,147.23,181.67,199.21,582.71,71.49
2011-11-20,RMA,ft,6,15854.10,1663.85,-5197.00,1030.96,12066.63,0.00,1.00,590.42,2.17,614.27,209.50,580.95,1128.30,220.86,8719.06,8166.54,212.99,8558.50,569.60,449.04,8987.93,148.90,185.55,200.76,585.32,71.25
2011-11-21,RMA,ft,6,15490.93,1619.15,-5837.00,973.75,11265.52,0.00,1.00,571.33,2.97,619.40,207.32,583.46,1176.72,217.00,8860.26,8539.52,210.07,8569.42,574.52,437.64,8897.06,149.06,192.11,203.85,586.71,72.42
2011-11-22,RMA,ft,6,15292.10,1634.37,-5875.00,1213.46,10844.56,0.00,1.00,528.46,3.89,591.07,205.40,584.89,1136.50,215.23,8837.23,8517.87,207.85,8325.58,578.13,424.02,8756.37,149.25,191.04,199.86,576.22,71.55
2011-11-23,RMA,ft,6,14806.54,1742.53,-5868.00,1338.34,10458.09,0.00,1.00,543.13,4.94,701.86,203.36,579.04,1429.80,211.77,8876.94,8600.09,205.71,8138.70,579.37,405.89,8476.95,154.98,196.86,199.14,548.99,72.06
2011-11-24,RMA,ft,6,15159.65,1836.05,-5427.00,1513.87,11210.21,0.00,1.00,576.83,6.01,923.49,201.36,564.70,1980.88,208.60,9196.38,9108.43,203.68,8179.39,573.03,388.20,8154.11,167.24,217.72,208.25,541.58,74.39
2011-11-25,RMA,ft,6,14738.75,1825.59,-4999.00,1458.40,11297.01,0.00,1.00,592.54,6.32,926.77,200.06,555.68,2002.75,206.42,9283.89,9396.93,202.06,7939.65,557.48,382.27,7862.15,173.17,226.91,212.52,562.92,75.84
2011-11-26,RMA,ft,6,13910.28,1828.26,-5172.00,1935.42,9836.22,0.00,1.00,606.54,6.11,781.86,199.18,564.64,1666.44,204.34,8962.41,9105.90,200.69,7525.65,548.36,383.20,7489.54,171.77,215.60,205.69,586.18,74.37
2011-11-27,RMA,ft,6,13816.71,1878.09,-5169.00,1937.27,9815.12,0.00,1.00,611.13,5.52,741.64,198.00,583.79,1555.03,202.18,8611.39,8720.98,199.04,7228.68,556.38,383.09,7102.86,170.33,209.47,200.47,601.20,73.75
2011-11-28,RMA,ft,6,14030.39,1946.60,-5143.00,1907.37,10025.13,0.00,1.00,625.08,4.66,777.25,196.63,599.41,1625.51,200.26,8446.28,8598.24,197.34,7114.16,571.18,383.11,6791.89,170.95,209.78,200.97,610.79,74.14
2011-11-29,RMA,ft,6,14382.34,2035.67,-2727.00,2035.24,12712.54,0.00,1.00,647.33,3.65,759.73,195.89,612.56,1533.48,198.52,8285.72,8545.64,196.27,6930.84,585.79,392.05,6561.23,172.91,204.78,201.17,623.32,74.44
2011-11-30,RMA,ft,6,14268.50,2129.48,-3990.00,2070.71,11302.34,0.00,1.00,647.58,2.58,670.35,195.15,628.50,1335.78,196.37,7995.38,8386.42,195.16,6598.10,596.51,409.58,6339.30,174.50,196.74,199.04,640.38,73.72
2011-12-01,RMA,ft,6,14067.96,2224.35,-3789.00,2342.45,10992.57,0.00,1.00,653.46,1.76,515.85,194.29,644.02,1141.95,193.82,7621.03,8057.28,193.85,6149.49,603.37,442.31,6079.04,176.30,191.10,195.87,648.10,72.58
2011-12-02,RMA,ft,6,13582.65,2288.46,-3274.00,2371.08,10650.03,0.00,1.00,667.08,1.49,469.42,193.32,650.69,1034.73,192.30,7365.09,7715.47,192.74,5951.86,616.84,477.78,5780.33,176.54,187.77,192.13,654.67,70.67
2011-12-03,RMA,ft,6,13298.64,2326.67,-8521.00,2395.36,5068.95,0.00,1.00,711.29,1.37,567.59,191.01,658.94,1172.80,190.75,7327.82,7759.94,191.21,5941.24,630.82,491.69,5582.88,175.14,187.60,194.48,672.42,71.89
2011-12-04,RMA,ft,6,13150.50,2349.62,-10929.00,2368.64,2585.48,0.00,1.00,715.00,1.56,678.79,188.56,680.45,1375.37,189.96,7445.40,8083.52,190.11,5971.26,645.62,504.17,5464.20,174.88,192.27,200.98,702.21,72.39
2011-12-05,RMA,ft,6,12623.13,2364.11,-10319.00,2436.08,2614.16,0.00,1.00,715.77,2.00,922.27,187.43,704.42,1747.59,190.25,7784.76,8709.80,190.06,6257.14,667.07,507.79,5392.46,172.73,201.98,211.41,714.08,73.80
2011-12-06,RMA,ft,6,13856.39,2344.59,-10290.00,2482.61,3808.38,0.00,1.00,693.70,2.47,1147.26,187.54,713.27,2074.46,191.69,8232.22,9306.54,191.07,6547.71,692.26,511.44,5343.18,167.20,216.02,226.50,711.14,75.50
2011-12-07,RMA,ft,6,14221.16,2338.28,-10294.00,2580.07,4070.37,0.00,1.00,722.33,3.00,1342.32,188.63,710.23,2332.13,194.64,8704.96,9815.01,193.30,6905.07,704.94,516.22,5295.14,160.25,231.22,242.45,704.57,76.35
2011-12-08,RMA,ft,6,15117.71,2379.74,-11017.00,2695.56,4154.88,0.00,1.00,717.92,3.45,1614.89,190.69,706.29,2733.10,199.41,9295.09,10397.85,197.12,7433.08,704.20,519.43,5277.22,152.69,255.23,264.63,715.19,77.42
2011-12-09,RMA,ft,6,16097.48,2270.50,-11011.00,2828.50,4881.48,0.00,1.00,718.83,3.77,1890.83,194.24,712.18,3113.63,206.65,9861.29,11000.64,203.12,7904.64,705.52,520.86,5334.59,149.62,286.62,298.80,718.92,78.76
2011-12-10,RMA,ft,6,17169.54,2195.49,-10777.00,2971.82,5955.21,0.00,1.00,707.54,4.10,2100.85,199.35,716.99,3354.09,216.79,10338.20,11497.22,211.61,8321.97,712.84,521.72,5437.67,145.93,313.14,333.49,716.68,79.39
2011-12-11,RMA,ft,6,18903.94,2125.99,-10732.00,3030.40,7616.53,0.00,1.00,707.08,4.16,2343.60,207.27,716.80,3656.81,231.60,10873.70,12005.22,224.14,8823.08,715.34,519.06,5597.13,143.06,339.95,366.17,710.70,79.98
2011-12-12,RMA,ft,6,20068.26,2045.41,-10696.00,3071.69,8708.98,0.00,1.00,699.92,3.95,2601.22,218.84,714.15,3962.48,249.96,11411.33,12551.62,241.22,9308.10,713.55,512.54,5816.62,143.96,369.23,410.02,706.53,80.65
2011-12-13,RMA,ft,6,20599.37,1945.01,-10755.00,3056.03,9098.35,0.00,1.00,705.71,3.59,2653.32,233.37,710.96,3890.10,272.26,11680.53,12941.05,261.04,9480.53,709.24,506.45,6048.41,146.41,380.54,453.97,703.28,80.97
2011-12-14,RMA,ft,6,21135.09,1896.23,-10493.00,3133.94,9808.38,0.00,1.00,721.71,3.16,2419.17,249.49,707.86,3314.10,296.14,11522.38,12909.64,281.36,9236.81,705.88,504.37,6215.56,148.71,368.53,476.14,705.85,80.48
2011-12-15,RMA,ft,6,22096.56,1840.72,-10544.00,3100.77,10695.51,0.00,1.00,719.29,2.65,2065.03,267.04,706.62,2581.43,314.14,11063.63,12469.68,301.27,8852.12,703.80,505.15,6256.74,151.94,334.04,460.48,715.70,78.83
2011-12-16,RMA,ft,6,22990.70,1782.66,-10553.00,2734.88,11862.47,0.00,1.00,727.29,2.13,1810.65,286.04,709.79,2148.00,332.53,10606.53,11929.11,320.29,8551.54,706.14,505.09,6256.21,154.52,297.01,437.66,720.74,77.38
2011-12-17,RMA,ft,6,23828.44,1908.43,-10521.00,2797.79,12826.08,0.00,1.00,747.71,1.87,1661.83,303.66,715.16,1912.76,355.35,10290.40,11573.60,337.20,8345.16,712.48,503.94,6277.22,155.78,272.96,432.29,727.45,76.38
2011-12-18,RMA,ft,6,16657.00,1763.00,-10672.00,2702.44,5448.56,0.00,1.00,762.50,2.02,1586.00,320.38,720.43,1868.32,376.70,10112.28,11452.35,355.76,8170.94,717.74,501.84,6337.44,156.81,275.76,450.19,742.49,75.70
2011-12-19,RMA,ft,6,16724.00,1807.00,-10694.00,2633.26,5600.75,0.00,1.00,769.67,2.50,1611.12,338.06,728.33,2089.73,397.92,10086.55,11469.27,375.88,8128.89,725.33,499.51,6365.47,157.87,305.54,481.16,757.62,75.59
2011-12-20,RMA,ft,6,16978.00,1789.00,-10751.00,2638.51,5751.49,0.00,1.00,756.33,3.32,1766.30,357.74,737.96,2504.32,420.65,10334.42,11670.91,397.46,8372.99,738.41,494.97,6362.53,159.15,335.37,500.87,765.12,76.45
2011-12-21,RMA,ft,6,16827.00,1805.00,-10721.00,2713.32,5571.68,0.00,1.00,760.63,4.33,2033.19,379.75,745.26,3053.82,446.10,10852.22,12041.29,422.82,8831.81,751.54,488.61,6391.30,157.89,371.59,510.87,761.41,77.80
2011-12-22,RMA,ft,6,16717.00,1820.00,-9268.00,2818.76,6833.24,0.00,1.00,751.04,5.22,2135.84,403.14,750.23,3377.30,465.94,11254.91,12383.67,450.66,9078.44,759.11,485.81,6435.87,164.97,425.30,547.48,758.29,79.33
2011-12-23,RMA,ft,6,15761.00,1820.00,-8551.00,2909.09,6494.91,0.00,1.00,759.21,5.86,2042.57,426.56,754.41,3346.22,486.05,11343.36,12403.23,472.57,9128.54,759.72,487.92,6446.27,173.63,464.35,568.23,755.59,79.19
2011-12-24,RMA,ft,6,14477.00,1809.00,-8568.00,2916.35,5180.65,0.00,1.00,750.92,5.95,2037.45,445.85,754.70,3399.28,505.83,11369.22,12316.11,486.39,9207.93,757.52,488.84,6475.99,174.90,482.77,562.47,755.44,79.18
2011-12-25,RMA,ft,6,14174.00,1784.00,-7169.00,2991.19,6152.81,0.00,1.00,755.63,5.74,2092.21,458.24,754.84,3594.02,517.57,11436.63,12326.20,495.32,9352.44,755.38,489.90,6540.04,176.59,496.40,556.89,754.42,79.47
2011-12-26,RMA,ft,6,13474.00,1798.00,-7093.00,3018.99,5522.01,0.00,1.00,763.08,5.18,2181.27,467.98,754.31,3841.26,524.75,11562.33,12468.28,501.60,9490.56,754.81,491.82,6658.45,178.43,512.48,557.82,754.93,80.06
2011-12-27,RMA,ft,6,13039.00,1803.00,-7088.00,3080.17,5053.83,0.00,1.00,762.75,4.16,2171.38,474.92,754.74,3860.88,528.41,11534.78,12568.71,504.02,9430.91,754.22,496.10,6752.24,178.34,512.52,557.64,760.09,80.43
2011-12-28,RMA,ft,6,12350.00,1814.00,-7088.00,3087.69,4356.31,0.00,1.00,752.54,3.20,2103.85,478.45,758.02,3737.77,528.64,11398.48,12569.44,503.38,9315.66,754.78,502.41,6782.87,180.85,487.73,544.35,761.42,80.15
2011-12-29,RMA,ft,6,12313.00,1820.00,-7065.00,3089.83,4335.17,0.00,1.00,757.00,2.38,2110.37,479.64,760.28,3746.31,527.46,11293.79,12593.64,500.99,9243.62,757.84,508.70,6803.79,185.25,463.87,527.87,756.58,80.11
2011-12-30,RMA,ft,6,12349.00,1779.00,-6745.00,2985.36,4753.64,0.00,1.00,761.17,1.74,2228.05,477.75,758.45,3983.66,526.10,11312.17,12789.29,497.27,9256.36,759.34,512.79,6861.77,184.92,461.30,526.42,756.17,80.40
2011-12-31,RMA,ft,6,12102.00,1738.00,-7921.00,2927.28,3343.72,0.00,1.00,794.75,1.31,2248.78,473.81,756.98,4051.34,522.00,11257.50,13037.76,492.25,9043.99,757.43,518.93,6933.74,184.05,469.87,543.24,763.24,80.88
2012-01-01,RMA,ft,6,11832.00,1715.00,-8247.00,2805.76,2864.24,0.00,1.00,780.96,1.28,2326.46,467.41,761.22,4103.26,516.45,11264.80,13326.06,488.02,8986.84,756.54,524.88,6923.36,187.45,473.96,554.96,781.13,80.72
2012-01-02,RMA,ft,6,11866.00,1731.00,-6589.00,2682.49,4689.51,0.00,1.00,740.88,1.52,2684.25,460.84,772.59,4489.86,516.05,11653.03,13798.59,485.65,9268.95,759.51,526.70,6958.26,189.15,489.16,569.34,781.32,81.23
2012-01-03,RMA,ft,6,11732.00,1771.00,-5912.00,2550.62,5399.38,0.00,0.00,731.58,1.89,2924.13,456.53,775.78,4654.52,516.95,12092.44,14230.54,484.52,9670.05,768.33,530.55,7055.30,188.60,518.21,600.49,755.92,82.13
2012-01-04,RMA,ft,6,11469.00,1802.00,-6272.00,2465.08,4887.92,0.00,0.00,763.29,2.44,3011.83,454.77,760.45,4515.54,518.22,12731.11,14551.75,486.44,10756.14,775.23,536.68,7169.98,192.06,519.57,597.89,739.56,82.03
2012-01-05,RMA,ft,6,11126.00,1774.00,-6181.00,2405.15,4643.85,0.00,0.00,765.58,2.95,3109.19,454.05,746.99,4576.66,522.63,13497.51,14859.04,489.54,11814.12,768.35,541.46,7456.38,194.27,543.56,613.60,751.41,82.32
2012-01-06,RMA,ft,6,11236.00,1694.00,-6177.00,2340.17,4705.83,0.00,0.00,754.50,3.56,3272.83,455.87,748.60,4853.92,530.84,14187.44,15155.22,496.50,12639.61,754.62,544.61,7952.50,192.09,586.17,633.64,762.70,82.46
2012-01-07,RMA,ft,6,11220.00,1666.00,-6167.00,2282.78,4727.22,0.00,0.00,759.83,4.02,3375.33,460.92,754.44,5195.06,530.82,14786.33,15528.75,507.59,13268.28,750.39,546.00,8545.18,196.03,655.43,678.20,759.80,83.22
2012-01-08,RMA,ft,6,10995.00,1643.00,-6161.00,2278.26,4492.74,0.00,0.00,745.04,4.30,3321.60,471.41,757.03,5259.75,535.32,15191.33,15777.14,519.43,13722.38,755.12,552.87,9137.58,197.82,706.54,731.87,756.64,83.24
2012-01-09,RMA,ft,6,10674.00,1611.00,-6158.00,2259.32,4172.68,0.00,0.00,758.54,4.31,3493.94,480.95,756.87,5401.20,553.89,15539.43,15981.41,528.15,14137.44,759.02,554.71,9753.52,192.03,753.47,775.24,752.77,83.40
2012-01-10,RMA,ft,6,11354.00,1633.00,-5407.00,2295.97,5584.03,0.00,0.00,790.79,4.14,3637.26,490.14,754.74,5638.02,571.92,15880.32,16233.77,542.45,14516.31,758.63,554.78,10349.77,193.48,781.22,810.25,755.50,83.86
2012-01-11,RMA,ft,6,10664.00,1696.00,-5406.00,2274.65,4960.35,0.00,0.00,783.08,3.75,3743.37,501.64,756.14,5831.69,590.06,16176.00,16518.67,559.33,14851.47,756.21,556.24,10903.89,197.44,796.66,843.62,774.71,84.27
2012-01-12,RMA,ft,6,11043.00,1728.00,-5422.00,2274.01,5363.99,0.00,0.00,743.92,3.27,3719.23,515.36,767.01,5802.34,606.84,16354.05,16730.20,576.08,15058.16,756.03,560.09,11376.73,198.19,779.66,860.30,781.43,84.41
2012-01-13,RMA,ft,6,11471.00,1724.00,-5408.00,2252.75,5830.25,0.00,0.00,711.21,2.73,3551.44,530.08,775.26,5485.74,623.44,16367.73,16777.11,590.96,15108.17,763.78,565.99,11747.28,198.39,727.21,847.35,757.65,84.15
2012-01-14,RMA,ft,6,11794.00,1687.00,-6143.00,2213.13,5421.87,0.00,0.00,697.33,2.28,3378.78,546.59,765.05,5139.09,640.50,16315.02,16718.34,604.53,15124.33,771.81,571.41,12054.63,198.30,665.58,817.40,724.84,83.56
2012-01-15,RMA,ft,6,11240.00,1634.00,-6140.00,2125.17,4923.83,0.00,0.00,693.67,2.06,3460.73,564.58,745.58,5244.91,657.43,16386.91,16780.17,619.18,15288.38,766.97,571.44,12384.98,193.94,645.88,812.19,704.54,83.31
2012-01-16,RMA,ft,6,12908.36,1377.86,-8529.61,1904.43,4175.18,0.00,0.00,695.88,2.19,3569.56,580.74,734.17,5387.63,670.73,16530.62,16966.14,633.93,15411.77,750.20,567.56,12716.09,194.69,663.86,851.80,697.01,83.93
2012-01-17,RMA,ft,6,12163.01,1404.14,-8526.61,1704.81,3655.73,0.00,0.00,723.21,2.77,3457.18,591.26,722.41,4941.54,693.18,16596.28,16969.49,648.24,15436.84,727.24,567.64,12918.20,198.09,680.53,873.68,696.86,83.25
2012-01-18,RMA,ft,6,11148.76,1472.60,-7794.61,1544.02,3565.73,0.00,0.00,733.58,3.56,3567.26,604.41,713.43,4991.92,715.27,16771.81,16954.65,668.13,15676.81,713.16,565.67,13107.90,195.64,706.06,869.09,710.34,82.98
2012-01-19,RMA,ft,6,11364.14,1533.64,-7638.61,1441.60,4097.57,0.00,0.00,687.88,4.20,3865.91,620.48,711.60,5507.31,737.00,17094.29,17128.57,690.60,16052.27,707.31,562.43,13353.33,189.84,789.91,894.75,723.74,83.45
2012-01-20,RMA,ft,6,10903.24,1592.46,-7673.61,1013.38,4109.71,0.00,0.00,666.38,4.79,4405.35,638.26,713.38,6426.66,760.22,17646.74,17656.20,716.07,16607.24,710.50,557.18,13659.66,185.10,929.23,985.87,709.96,84.65
2012-01-21,RMA,ft,6,10793.27,1703.30,-7984.61,-535.58,5394.54,0.00,0.00,679.04,5.32,5249.90,662.55,710.82,7737.67,785.74,18456.61,18547.90,756.56,17304.85,717.44,550.17,14003.90,185.84,1121.01,1119.70,684.26,86.23
2012-01-22,RMA,ft,6,10696.85,1844.07,-8163.61,-1565.77,6858.09,0.00,0.00,659.33,5.03,5005.03,687.07,696.54,7479.54,815.12,18749.32,18990.93,788.90,17428.15,706.77,556.11,14237.63,189.63,1246.00,1247.87,667.36,87.83
2012-01-23,RMA,ft,6,11244.19,1998.75,-8295.61,-1891.54,7817.87,0.00,0.00,621.46,4.92,4767.96,715.35,681.74,6911.42,860.79,18741.66,18916.41,819.70,17530.70,688.50,564.12,14424.09,187.88,1090.72,1187.25,646.28,85.68
2012-01-24,RMA,ft,6,14052.42,2231.42,-9546.61,-3555.54,11574.76,0.00,0.00,619.17,4.28,4517.25,749.06,662.52,6447.50,897.81,18603.11,18816.00,843.24,17348.89,677.03,572.78,14589.70,186.60,1053.21,1189.93,595.24,86.78
2012-01-25,RMA,ft,6,18128.41,2540.58,-8146.61,-3300.99,16987.38,0.00,0.00,598.54,3.51,3492.33,769.27,629.21,4544.51,916.41,17892.97,17976.30,857.55,16706.32,659.01,594.35,14627.19,178.58,839.28,1069.54,594.33,84.11
2012-01-26,RMA,ft,6,25941.58,2679.03,-8522.61,-2111.54,22895.54,0.00,0.00,623.17,2.75,2905.90,791.45,611.60,3323.48,930.83,17100.53,16808.41,868.20,16128.48,641.44,610.25,14716.61,161.64,620.78,892.56,605.74,81.61
2012-01-27,RMA,ft,6,30621.72,2794.98,-8857.61,-1298.09,26418.19,0.00,0.00,665.54,2.10,2493.52,806.70,614.78,2444.87,930.26,16344.11,15736.15,872.91,15565.50,627.78,617.72,14805.16,149.44,472.19,772.36,628.37,79.19
2012-01-28,RMA,ft,6,34795.91,2760.24,-7914.61,-1192.02,31326.56,0.00,0.00,660.25,1.60,2061.70,812.55,644.00,1539.06,917.60,15514.88,14608.53,867.71,14882.95,624.04,620.45,14816.72,151.62,396.56,702.23,656.45,76.05
2012-01-29,RMA,ft,6,33635.47,2808.29,-7880.61,1005.85,28024.30,0.00,0.00,668.96,1.27,1713.43,812.08,661.21,947.13,911.55,14538.54,13309.44,857.48,14098.37,640.26,619.43,14754.97,171.89,340.83,640.98,663.21,72.42
2012-01-30,RMA,ft,6,30626.52,2891.21,-8632.61,1283.42,24045.70,0.00,0.00,657.04,1.17,1481.77,800.82,664.67,715.44,903.08,13578.76,12093.12,844.20,13357.50,656.98,619.68,14650.78,190.98,315.04,587.03,664.72,70.19
2012-01-31,RMA,ft,6,29157.41,2913.91,-8548.61,1136.55,22818.17,0.00,0.00,701.33,1.36,1318.73,782.64,665.07,602.58,891.97,12774.25,11122.88,827.37,12712.18,663.26,624.17,14506.62,197.85,343.60,562.38,670.18,69.14
2012-02-01,RMA,ft,6,28549.65,2925.62,-8642.61,991.90,22268.76,0.00,0.00,654.63,1.65,1174.55,763.50,680.42,532.06,871.96,11971.24,10166.14,808.38,12027.39,666.04,630.81,14305.87,198.54,377.31,542.69,682.05,68.01
2012-02-02,RMA,ft,6,27948.89,2942.27,-7825.61,-864.78,24521.32,0.00,0.00,641.42,2.02,1040.69,743.51,669.98,487.37,845.43,10961.35,9004.44,785.37,11130.31,675.76,637.43,14033.37,203.32,394.32,530.26,659.34,66.77
2012-02-03,RMA,ft,6,27767.74,2963.88,-8035.61,-978.78,24336.79,0.00,0.00,630.33,2.59,905.98,723.40,646.64,487.60,816.13,9777.42,7795.01,762.64,9981.35,672.88,642.23,13619.43,211.23,377.72,491.98,641.07,65.93
2012-02-04,RMA,ft,6,27762.10,2999.93,-7993.61,-1023.10,24310.53,0.00,0.00,638.71,3.14,808.94,701.49,636.05,485.27,788.20,8830.20,6973.36,736.75,9118.46,654.35,646.14,13092.10,217.65,369.05,478.69,634.74,66.49
2012-02-05,RMA,ft,6,27685.65,2915.34,-8753.61,-1033.85,23316.24,0.00,0.00,708.54,3.49,746.79,683.31,639.42,470.40,761.09,8047.63,6321.17,710.76,8428.65,642.74,646.11,12509.16,215.62,366.20,481.88,653.68,66.21
2012-02-06,RMA,ft,6,27162.84,2703.90,-8208.61,-1059.21,23145.34,0.00,0.00,719.83,3.87,698.63,662.83,669.30,480.59,731.09,7389.49,5801.15,683.52,7795.35,645.41,642.23,11847.14,210.04,365.58,476.51,697.01,65.91
2012-02-07,RMA,ft,6,26433.34,2291.31,-9157.50,-1137.86,21118.71,0.00,0.00,728.21,4.17,657.36,641.24,699.89,525.37,700.19,6923.79,5574.52,656.07,7304.75,669.61,636.91,11133.45,206.30,354.37,456.13,717.63,66.52
2012-02-08,RMA,ft,6,25772.05,2173.32,-8042.50,-1826.81,22160.68,0.00,0.00,736.29,3.86,636.45,621.15,715.05,520.45,672.28,6694.97,5462.53,629.23,7133.49,698.14,632.84,10597.95,205.62,355.92,442.41,726.37,67.41
2012-02-09,RMA,ft,6,25218.34,2053.71,-8129.50,-1123.42,20696.96,0.00,0.00,734.00,3.59,610.39,603.56,725.30,455.18,645.25,6400.61,5090.71,604.52,6869.41,711.94,630.88,10187.97,210.20,343.62,412.80,733.15,65.25
2012-02-10,RMA,ft,6,24300.73,1956.44,-6513.50,-772.63,20940.30,0.00,0.00,739.04,3.24,576.43,584.59,731.67,441.90,619.54,5989.15,4658.59,580.42,6427.29,717.49,629.60,9728.35,224.35,320.05,377.19,735.15,64.53
2012-02-11,RMA,ft,6,25269.53,1877.39,-6272.50,-971.46,22264.87,0.00,0.00,757.29,2.88,548.05,565.49,734.60,443.00,594.40,5651.71,4386.12,556.99,6074.34,722.19,629.02,9241.40,232.10,304.11,353.76,738.65,64.72
2012-02-12,RMA,ft,6,24468.78,1803.39,-5752.50,-1177.83,22112.50,0.00,0.00,764.63,2.65,524.20,546.54,738.50,427.82,570.55,5424.69,4208.51,534.94,5849.51,725.79,629.77,8802.96,227.01,295.96,337.33,749.87,64.49
2012-02-13,RMA,ft,6,23905.40,1702.58,-5434.50,-984.58,21575.06,0.00,0.00,762.46,2.56,500.29,527.25,747.02,428.90,545.26,5218.85,4043.02,514.23,5626.87,729.72,630.41,8383.70,218.51,291.17,323.87,760.40,64.05
2012-02-14,RMA,ft,6,23485.19,1600.03,-5806.50,-1144.11,20867.83,0.00,0.00,767.17,2.62,473.59,509.18,756.13,397.44,521.47,5056.55,3876.36,495.23,5495.57,737.78,632.99,8080.92,212.42,292.53,312.31,763.34,63.82
2012-02-15,RMA,ft,6,22524.03,1538.77,-6707.50,-616.46,18452.75,0.00,0.00,774.79,2.87,448.17,485.40,760.56,390.65,491.15,4821.78,3662.48,473.34,5200.84,744.70,632.95,7813.85,206.71,277.57,295.82,763.75,62.42
2012-02-16,RMA,ft,6,21625.73,1475.40,-7503.50,-700.76,16737.39,0.00,0.00,777.04,3.19,424.74,457.57,762.80,390.11,459.77,4583.25,3471.73,446.46,4891.88,749.16,633.53,7521.66,209.93,271.46,288.51,766.35,62.74
2012-02-17,RMA,ft,6,20546.91,1370.49,-8054.50,-459.36,14753.26,0.00,0.00,826.00,3.61,406.39,432.79,764.42,392.03,439.26,4366.08,3340.55,426.20,4610.06,754.01,630.21,7185.65,209.78,264.63,282.33,770.96,62.87
2012-02-18,RMA,ft,6,19776.14,1263.82,-8209.50,-496.70,13734.16,0.00,0.00,834.54,3.89,396.07,410.09,764.59,409.64,423.21,4251.79,3359.30,406.58,4458.99,758.32,623.60,6822.82,204.46,259.40,279.32,783.78,63.79
2012-02-19,RMA,ft,6,18788.43,1234.43,-7676.50,-598.55,13329.91,0.00,0.00,841.42,3.87,387.78,392.00,767.65,414.94,407.99,4230.41,3428.70,388.89,4421.40,765.48,618.75,6492.05,202.17,256.77,277.38,802.53,64.48
2012-02-20,RMA,ft,6,17647.27,1239.25,-7506.50,-657.16,12411.18,0.00,0.00,834.58,3.77,381.83,377.34,774.01,424.99,391.86,4250.86,3537.00,374.06,4393.72,777.87,613.88,6188.40,192.85,251.46,272.16,810.96,64.33
2012-02-21,RMA,ft,6,16377.44,1235.53,-7125.50,-823.99,11714.45,0.00,0.00,844.96,3.50,379.91,364.72,781.38,445.42,375.29,4336.88,3720.26,360.21,4439.02,793.29,608.45,5927.52,181.58,249.11,269.10,820.32,65.57
2012-02-22,RMA,ft,6,15527.32,1227.45,-6581.50,-519.38,11090.65,0.00,0.00,842.79,3.04,375.95,354.20,793.97,447.00,362.66,4438.71,3873.75,349.38,4511.57,808.84,605.46,5738.84,179.85,245.73,264.77,827.13,65.56
2012-02-23,RMA,ft,6,14694.94,1263.45,-6506.50,-328.18,10165.06,0.00,0.00,855.42,2.62,377.13,343.08,803.63,479.91,349.49,4574.56,4058.75,339.20,4604.59,815.96,601.09,5580.95,179.39,240.40,259.70,822.06,66.16
2012-02-24,RMA,ft,6,14052.00,1214.26,-5635.50,-366.96,10375.72,0.00,0.00,892.33,2.20,381.06,334.27,816.48,528.77,338.20,4776.54,4318.74,330.65,4756.88,818.22,599.10,5453.92,177.01,237.10,255.99,832.41,66.91
2012-02-25,RMA,ft,6,13617.75,1154.43,-5317.50,-174.93,9981.60,0.00,0.00,910.54,1.87,386.90,327.69,827.09,553.27,331.00,4997.13,4608.12,323.57,4936.02,822.34,597.65,5373.38,177.42,234.67,252.91,860.85,67.77
2012-02-26,RMA,ft,6,13673.56,1158.21,-5436.50,-275.97,9938.23,0.00,0.00,936.08,1.55,374.51,321.67,841.39,518.96,322.95,5116.39,4674.75,317.47,5028.16,826.46,600.33,5349.26,177.24,230.14,247.67,886.89,66.97
2012-02-27,RMA,ft,6,12810.92,1201.58,-5517.50,-175.19,8928.18,0.00,0.00,911.83,1.36,405.87,314.73,854.67,615.06,315.50,5364.97,4943.73,311.15,5207.90,831.54,595.58,5314.40,172.92,223.00,242.16,912.46,67.45
2012-02-28,RMA,ft,6,13519.67,1155.75,-3008.23,-49.54,11984.72,0.00,0.00,957.04,1.41,416.62,309.52,872.92,666.46,310.92,5680.61,5293.64,305.48,5447.43,841.85,594.04,5295.08,171.60,224.23,242.63,923.96,69.07
2012-02-29,RMA,ft,6,13055.51,1198.06,-3981.23,57.07,10526.26,0.00,0.00,976.38,1.41,434.52,304.84,894.60,674.93,306.17,5985.83,5551.96,300.82,5669.61,862.56,595.69,5306.17,180.22,222.68,236.50,930.24,68.08
2012-03-01,RMA,ft,6,13015.64,1279.01,-4153.23,-662.97,11120.40,0.00,0.00,931.38,1.43,420.18,300.11,914.01,629.27,301.17,6124.08,5731.87,295.44,5773.12,882.39,600.02,5333.06,183.91,222.94,234.80,953.67,68.62
2012-03-02,RMA,ft,6,13074.49,1312.90,-5101.23,-4.26,9731.42,0.00,0.00,910.71,1.74,384.82,295.28,937.70,552.06,294.33,6076.70,5569.58,290.73,5755.32,896.84,607.85,5372.62,177.63,216.35,226.60,956.72,67.41
2012-03-03,RMA,ft,6,12919.68,1276.88,-3583.23,144.22,10927.10,0.00,0.00,907.54,2.09,368.64,291.09,947.64,524.90,287.75,5948.43,5328.59,285.96,5642.05,908.76,615.49,5414.37,177.51,211.02,219.97,930.46,66.92
2012-03-04,RMA,ft,6,13098.83,1346.64,-3584.23,225.56,10995.67,0.00,0.00,940.67,2.50,377.44,286.97,939.75,560.21,282.30,5911.86,5295.94,280.98,5609.26,921.24,619.48,5439.54,180.86,209.06,218.28,913.45,67.60
2012-03-05,RMA,ft,6,13342.29,1292.51,-3279.23,244.18,11433.38,0.00,0.00,969.71,2.98,402.76,282.94,927.77,651.99,277.06,6036.81,5525.92,276.03,5720.83,925.50,621.28,5454.27,176.29,209.71,218.95,919.13,68.68
2012-03-06,RMA,ft,6,12951.19,1286.40,-3544.23,757.09,10255.27,0.00,0.00,993.83,3.35,431.72,278.00,924.19,779.04,272.57,6291.23,5969.25,270.83,5938.09,922.04,623.71,5480.00,174.18,210.86,219.58,941.89,69.61
2012-03-07,RMA,ft,6,12619.65,1347.35,-2894.23,422.66,10974.11,0.00,0.00,954.67,3.51,407.27,274.08,940.26,775.48,265.08,6466.25,6270.81,265.41,6087.80,917.64,639.10,5524.81,177.21,212.55,219.10,968.29,70.21
2012-03-08,RMA,ft,6,12106.61,1363.33,-3522.23,574.41,9724.29,0.00,0.00,906.21,3.69,392.71,271.45,964.98,708.82,260.01,6503.68,6276.52,262.23,6155.76,918.16,652.92,5583.06,180.98,210.79,215.87,974.08,68.97
2012-03-09,RMA,ft,6,12225.36,1255.45,-3548.23,692.87,9564.70,0.00,0.00,923.17,3.79,419.84,267.64,970.79,766.70,256.35,6593.61,6363.06,258.29,6257.23,927.24,655.28,5654.58,184.97,209.81,214.06,943.67,69.87
2012-03-10,RMA,ft,6,11771.60,1184.97,-3547.23,852.88,8881.46,0.00,0.00,885.67,3.76,473.28,263.36,962.04,922.08,253.13,6809.77,6652.65,254.57,6463.19,939.43,653.11,5736.88,184.52,211.61,214.13,919.19,70.59
2012-03-11,RMA,ft,6,10780.54,1075.95,-3964.23,751.10,7466.16,0.00,0.00,909.08,3.66,565.73,258.48,949.48,1203.10,250.00,7238.22,7192.20,250.88,6835.64,943.57,647.63,5847.01,181.44,218.91,216.96,912.92,71.93
2012-03-12,RMA,ft,6,10104.54,1079.57,-4126.23,753.74,6645.13,0.00,0.00,850.43,3.45,636.14,254.75,937.47,1376.43,246.30,7713.64,7718.97,248.04,7225.63,937.05,645.72,5978.09,178.79,227.41,220.70,901.06,72.78
2012-03-13,RMA,ft,6,8937.07,1099.67,-3983.23,1005.68,5402.83,0.00,0.00,883.79,3.16,811.68,251.76,926.10,1727.67,243.48,8340.57,8250.55,245.12,7737.86,926.14,640.43,6144.73,180.55,245.33,227.32,892.07,73.27
2012-03-14,RMA,ft,6,8771.48,1141.11,-4126.23,284.81,5896.54,0.00,0.00,903.67,2.97,990.09,248.75,916.17,2072.13,241.37,9018.73,8968.65,242.09,8274.80,915.45,632.98,6329.31,182.63,265.73,238.59,874.58,75.32
2012-03-15,RMA,ft,6,8375.95,1072.94,-3394.23,-297.62,7747.27,0.00,0.00,795.88,2.71,948.27,246.94,903.15,1959.71,239.57,9356.55,9403.08,240.17,8546.79,905.90,634.41,6468.53,182.36,263.26,240.59,880.26,75.45
2012-03-16,RMA,ft,6,7219.55,966.27,-3287.23,88.91,6722.67,0.00,0.00,748.38,2.68,941.75,245.18,894.84,1906.40,238.45,9570.09,9507.20,238.75,8786.36,896.68,635.23,6618.01,182.74,257.58,238.63,880.02,74.64
2012-03-17,RMA,ft,6,8453.53,1075.81,-3191.23,-870.22,9363.32,0.00,0.00,829.50,2.57,1076.95,242.67,888.67,2179.45,236.88,9952.40,9869.86,237.07,9164.94,889.55,629.76,6818.31,171.36,267.57,244.70,829.72,75.56
2012-03-18,RMA,ft,6,12842.33,1271.40,-3192.23,-1175.66,17414.15,0.00,0.00,818.46,2.69,1115.98,240.30,870.47,2306.77,235.44,10299.83,10391.38,235.57,9427.67,886.45,627.03,7021.51,146.48,270.82,249.76,788.55,76.59
2012-03-19,RMA,ft,6,20635.06,1228.28,-3876.23,-406.59,21585.70,0.00,0.00,752.63,2.75,845.62,238.91,840.71,1771.52,234.18,10177.03,10261.95,234.79,9250.36,874.78,635.75,7191.33,113.19,247.58,237.21,806.90,75.80
2012-03-20,RMA,ft,6,33231.46,1309.55,-4786.23,445.12,31298.66,0.00,0.00,763.83,2.74,597.04,237.48,822.73,1086.90,232.43,9699.72,9502.92,233.60,8874.18,846.43,642.80,7328.05,101.36,215.87,216.06,802.77,72.20
2012-03-21,RMA,ft,6,40649.31,1552.48,-5149.23,526.09,37860.46,0.00,0.00,823.29,2.62,471.00,235.18,813.34,684.15,230.48,9100.75,8598.65,231.42,8425.05,828.29,642.62,7451.26,109.61,182.99,195.03,772.41,70.34
2012-03-22,RMA,ft,6,37724.56,1535.92,-5859.23,1470.66,33169.92,0.00,0.00,891.70,2.55,394.37,232.54,800.69,444.77,227.97,8403.15,7636.11,228.69,7896.43,819.32,639.22,7555.13,118.89,150.26,173.65,791.36,68.28
2012-03-23,RMA,ft,6,31716.88,1642.64,-5866.23,1389.35,27268.60,0.00,0.00,873.32,2.51,339.93,230.03,798.03,324.69,224.72,7704.69,6767.22,225.71,7336.75,801.89,638.00,7586.47,124.33,139.50,164.36,847.37,67.23
2012-03-24,RMA,ft,6,25573.68,1741.73,-5323.23,1508.71,21572.46,0.00,0.00,851.74,2.39,293.38,227.77,821.64,267.34,220.98,6989.54,5992.82,222.40,6751.02,798.07,640.35,7497.04,129.15,140.22,161.85,875.47,65.38
2012-03-25,RMA,ft,6,19616.57,1714.33,-4612.23,834.36,16922.31,0.00,0.00,874.25,2.23,268.69,225.45,852.78,259.77,216.96,6500.49,5538.05,218.74,6352.44,826.27,643.11,7361.53,135.30,142.72,161.94,864.02,65.73
2012-03-26,RMA,ft,6,16234.80,1694.88,-4418.23,456.07,14241.38,0.00,0.00,865.79,1.98,251.93,223.33,862.13,258.20,213.77,6168.94,5199.15,215.59,6051.13,854.82,648.27,7214.25,140.93,144.79,161.30,864.59,65.64
2012-03-27,RMA,ft,6,13641.30,1652.92,-3683.23,1061.22,11772.76,0.00,0.00,856.46,1.83,244.07,221.00,864.03,276.71,210.64,5936.89,4965.98,212.57,5811.86,860.66,651.02,7062.92,145.18,146.86,160.24,868.44,65.29
2012-03-28,RMA,ft,6,9289.37,1700.79,-3685.23,-553.85,9189.77,0.00,0.00,878.29,1.71,250.75,217.75,866.12,338.89,207.44,5954.48,5089.47,209.13,5772.92,860.69,649.84,6947.45,150.15,148.53,159.11,862.93,66.93
2012-03-29,RMA,ft,6,9843.96,1759.95,-4398.23,-749.77,11143.44,0.00,0.00,873.21,1.45,242.76,215.48,865.10,326.22,204.96,5971.65,5191.35,206.51,5788.73,863.55,661.59,6879.10,156.80,152.82,161.87,868.58,67.07
2012-03-30,RMA,ft,6,10317.36,1783.15,-4473.23,-130.89,9714.17,0.00,0.00,887.88,1.48,239.85,212.07,869.24,324.04,202.75,5940.83,5138.09,203.94,5734.80,863.99,672.82,6780.44,158.11,153.79,160.48,875.59,66.11
2012-03-31,RMA,ft,6,13793.11,1815.54,-5169.23,358.54,11543.88,0.00,0.00,875.42,1.54,267.73,207.30,873.97,409.42,201.27,6109.10,5287.31,201.07,5809.23,863.95,675.38,6663.59,151.66,154.44,159.87,880.60,66.83
2012-04-01,RMA,ft,6,19366.24,1853.86,-7088.23,-262.68,16087.54,0.00,0.00,876.29,1.60,276.03,202.56,877.76,421.96,198.81,6276.30,5625.47,198.15,5942.89,864.84,680.84,6598.15,136.65,156.44,163.46,880.41,69.25
2012-04-02,RMA,ft,6,28986.73,1803.81,-6925.23,1958.61,24541.69,0.00,0.00,860.79,2.01,235.51,200.00,876.87,285.48,195.54,6012.13,5355.47,195.78,5746.32,865.20,713.20,6483.80,126.29,157.97,163.88,876.43,66.11
2012-04-03,RMA,ft,6,30571.49,1805.81,-2773.23,2573.07,28926.00,0.00,0.00,842.67,2.40,220.89,198.24,869.04,247.56,192.65,5733.45,4942.99,193.23,5515.54,865.70,744.92,6307.82,130.91,153.28,160.23,872.94,65.12
2012-04-04,RMA,ft,6,29717.31,1885.43,-2687.23,2234.68,28215.82,0.00,0.00,780.38,2.89,212.96,196.36,851.76,237.95,190.13,5514.43,4706.61,190.66,5333.70,865.54,772.11,6163.65,132.64,147.11,156.15,857.71,65.52
2012-04-05,RMA,ft,6,31155.90,1912.02,-2311.23,1953.42,30219.27,0.00,0.00,663.42,3.48,199.90,195.30,808.54,208.69,187.56,5209.58,4350.75,188.75,5076.41,861.60,797.72,6023.32,128.78,144.95,153.86,826.70,64.79
2012-04-06,RMA,ft,6,32426.06,1904.51,-1847.23,1845.13,31926.20,0.00,0.00,589.63,4.11,187.74,194.98,719.97,184.12,185.50,4775.03,3872.46,187.61,4702.04,853.45,808.21,5844.43,130.72,143.56,151.38,769.34,63.51
2012-04-07,RMA,ft,6,30339.98,2266.49,-2666.23,2004.90,29094.33,0.00,0.00,521.42,4.63,178.90,194.04,618.95,176.48,183.37,4307.73,3445.36,186.08,4291.99,840.06,796.86,5617.79,136.62,141.43,148.87,672.18,62.57
2012-04-08,RMA,ft,6,28101.93,2322.03,-2670.23,2102.26,26705.47,0.00,0.00,440.00,4.89,176.40,192.14,540.58,194.16,181.29,4037.59,3309.63,184.20,4028.39,819.11,755.18,5339.28,141.65,140.97,147.85,584.48,63.26
2012-04-09,RMA,ft,6,26486.96,2462.46,-2668.23,2064.43,25191.75,0.00,0.00,406.54,4.81,178.12,190.70,466.48,218.74,179.34,4028.41,3425.76,182.65,3977.55,784.65,690.27,5076.29,147.26,142.88,148.55,511.47,64.42
2012-04-10,RMA,ft,6,24810.44,2617.54,-3681.23,1833.54,22827.20,0.00,0.00,384.54,4.36,184.12,189.37,415.93,250.27,177.49,4165.18,3614.28,181.39,4028.47,735.42,613.35,4864.30,147.46,145.14,149.39,446.07,64.99
2012-04-11,RMA,ft,6,23192.67,2764.73,-3774.23,930.30,22146.86,0.00,0.00,394.58,3.71,185.46,188.96,392.79,253.59,176.24,4303.56,3775.69,180.63,4111.50,680.04,531.65,4740.39,149.99,147.81,150.94,406.83,65.71
2012-04-12,RMA,ft,6,22373.38,2846.82,-3775.23,885.59,21571.37,0.00,0.00,386.75,3.16,181.09,189.78,390.84,231.36,175.44,4280.34,3705.46,180.62,4076.10,622.18,467.03,4672.61,155.14,149.40,151.76,392.32,65.17
2012-04-13,RMA,ft,6,21642.98,2805.61,-3316.23,-165.91,22961.27,0.00,0.00,379.63,2.42,177.96,190.44,387.57,220.43,175.04,4178.34,3569.57,181.17,3972.45,570.29,434.01,4632.73,155.00,150.57,152.48,389.54,64.41
2012-04-14,RMA,ft,6,21151.29,2621.71,-2861.23,-852.43,26440.20,0.00,0.00,404.54,2.13,172.12,191.94,385.04,203.42,175.17,4043.57,3435.44,182.40,3868.54,525.19,420.01,4609.12,150.39,152.58,154.19,383.14,64.75
2012-04-15,RMA,ft,6,21737.76,2530.16,-2678.23,465.57,24006.12,0.00,0.00,401.13,2.06,164.58,194.53,396.75,176.88,175.25,3722.40,3057.89,184.23,3599.13,479.75,411.39,4560.19,138.17,154.13,155.75,384.31,62.43
2012-04-16,RMA,ft,6,26988.80,2629.25,-3776.23,587.66,27094.15,0.00,0.00,418.13,1.99,162.40,194.96,404.45,170.23,175.72,3437.68,2745.85,186.97,3361.15,445.06,410.14,4450.99,124.35,153.66,156.30,390.04,61.53
2012-04-17,RMA,ft,6,37217.39,2753.79,-4331.23,445.84,36668.10,0.00,0.00,463.04,2.04,161.86,196.42,420.62,167.17,176.93,3248.18,2570.00,190.43,3200.31,422.09,414.19,4309.29,127.84,148.52,154.34,394.17,61.56
2012-04-18,RMA,ft,6,39996.94,2736.42,-4546.23,1311.44,38158.68,0.00,0.00,344.96,2.24,161.01,200.58,432.33,160.13,178.87,3079.65,2417.62,193.88,3050.60,404.64,419.52,4132.31,132.94,140.55,150.37,416.05,61.20
2012-04-19,RMA,ft,6,36900.22,2950.71,-3712.23,1893.52,35510.68,0.00,0.00,373.83,2.39,159.23,205.57,379.19,149.79,180.91,2882.78,2228.52,196.95,2879.40,392.78,430.31,3952.19,136.00,139.20,149.70,403.35,60.69
2012-04-20,RMA,ft,6,31944.33,2840.38,-3907.23,1965.50,30233.97,0.00,0.00,451.38,2.55,157.11,209.79,380.11,143.75,182.03,2659.58,2006.14,200.02,2679.85,387.78,421.51,3780.23,139.79,140.94,150.74,369.02,60.00
2012-04-21,RMA,ft,6,27012.75,2558.06,-3761.23,2195.38,25013.20,0.00,0.00,461.58,2.74,155.30,213.54,431.42,145.28,183.21,2465.55,1843.43,202.54,2485.42,383.44,395.63,3603.43,143.40,142.72,151.22,400.57,59.78
2012-04-22,RMA,ft,6,23349.02,2224.10,-3785.23,2155.85,21106.04,0.00,0.00,427.83,2.78,154.76,216.43,454.58,154.26,184.49,2432.34,1889.96,203.55,2415.41,378.36,394.23,3424.77,146.99,144.36,151.56,444.19,60.73
2012-04-23,RMA,ft,6,21393.68,2094.29,-4011.23,1908.82,19174.92,0.00,0.00,405.46,2.80,157.28,217.44,441.31,184.30,186.68,2670.11,2297.33,201.52,2558.91,372.48,408.44,3271.89,147.20,145.75,151.69,452.30,62.45
2012-04-24,RMA,ft,6,21100.31,2205.71,-2955.23,821.63,21116.15,0.00,0.00,399.08,2.63,158.89,219.08,416.20,185.95,186.79,2919.10,2575.59,201.23,2740.67,366.63,428.08,3154.61,147.68,148.22,153.59,432.55,63.56
2012-04-25,RMA,ft,6,19761.60,2211.57,-2199.23,961.17,20465.76,0.00,0.00,402.79,2.39,159.18,221.31,402.60,176.71,186.60,2935.72,2480.53,201.60,2740.32,361.26,433.50,3090.03,141.53,150.54,155.51,411.16,62.46
2012-04-26,RMA,ft,6,18730.92,2171.47,-1999.23,-128.43,20681.58,0.00,0.00,407.42,2.02,161.39,221.17,401.83,184.73,188.15,2983.01,2562.31,201.77,2762.58,356.02,424.59,3044.88,136.84,151.48,156.13,401.94,62.91
2012-04-27,RMA,ft,6,21122.25,1966.73,-2272.23,336.72,22546.02,0.00,0.00,388.42,1.68,160.62,221.97,404.14,173.52,189.68,2920.68,2524.67,203.22,2728.32,349.22,415.79,3024.45,130.84,152.06,157.76,402.48,63.23
2012-04-28,RMA,ft,6,22872.98,1794.63,-2275.23,982.16,23875.22,0.00,0.00,381.88,1.52,159.68,223.00,397.04,160.49,190.35,2669.15,2166.41,204.62,2525.70,341.89,410.01,3006.75,122.66,150.69,157.67,403.49,60.76
2012-04-29,RMA,ft,6,23099.85,1839.32,-2268.23,1081.50,23437.44,0.00,0.00,381.29,1.42,159.68,221.50,386.19,158.10,191.80,2486.81,1961.63,206.10,2373.30,335.80,407.92,2955.56,110.42,146.96,155.61,394.87,60.97
2012-04-30,RMA,ft,6,26418.74,1947.18,-2259.23,1096.47,26631.21,0.00,0.00,361.96,1.41,159.80,220.88,380.74,156.65,192.98,2423.09,1928.65,207.81,2321.63,330.49,405.02,2892.43,107.52,141.82,153.48,384.84,61.36
2012-05-01,RMA,ft,6,30455.38,1969.84,-2264.23,1284.31,30315.68,0.00,1.00,365.67,1.70,159.84,221.29,371.10,153.73,194.47,2415.18,1961.21,208.69,2317.15,324.40,399.25,2822.90,107.79,134.67,149.80,378.61,61.52
2012-05-02,RMA,ft,6,29478.54,2019.33,-2494.23,1184.12,29421.07,0.00,1.00,435.17,2.28,159.30,221.77,369.95,148.24,195.01,2428.64,2023.86,209.53,2315.96,318.48,392.44,2745.61,103.12,128.26,145.50,369.09,61.33
2012-05-03,RMA,ft,6,27511.19,2141.34,-4213.38,1221.31,25693.77,0.00,1.00,342.29,3.13,157.85,222.33,397.16,146.17,194.70,2458.84,2148.98,210.09,2299.35,314.20,384.34,2666.94,105.32,124.94,142.23,378.78,61.18
2012-05-04,RMA,ft,6,26241.86,2304.83,-4251.38,696.49,25002.05,0.00,1.00,265.67,4.03,156.26,223.12,366.60,148.39,194.21,2488.51,2245.64,209.57,2244.86,311.11,381.12,2573.43,105.98,123.42,140.30,394.47,61.44
2012-05-05,RMA,ft,6,25348.77,2544.01,-4581.38,828.88,23862.41,0.00,1.00,261.42,4.95,154.95,222.40,292.01,150.48,194.02,2457.04,2248.58,207.69,2128.81,308.57,383.72,2454.33,104.34,123.59,139.39,336.93,61.64
2012-05-06,RMA,ft,6,24624.43,2819.01,-4951.38,1218.67,22626.26,0.00,1.00,260.88,5.64,155.28,220.19,263.55,171.18,192.96,2463.67,2292.22,204.75,2073.71,306.70,357.51,2296.17,105.27,123.12,137.34,276.59,61.82
2012-05-07,RMA,ft,6,23964.04,2968.32,-4829.38,1299.91,22100.43,0.00,1.00,245.17,5.79,159.96,217.48,258.34,204.12,190.90,2624.95,2520.42,201.93,2147.14,305.55,313.88,2153.40,107.26,122.97,135.91,261.21,63.23
2012-05-08,RMA,ft,6,22226.30,3037.72,-5386.38,1509.53,19550.01,0.00,1.00,240.67,5.46,167.23,214.19,248.06,237.57,188.48,2836.25,2785.21,199.23,2264.52,304.70,287.91,2051.40,108.40,122.72,134.61,253.65,64.25
2012-05-09,RMA,ft,6,20978.13,3075.36,-5058.38,1606.35,18403.21,0.00,1.00,240.71,4.71,176.98,211.59,241.80,278.66,186.30,3098.97,3086.61,196.63,2428.25,304.04,273.70,1988.56,108.37,122.57,133.44,244.35,65.21
2012-05-10,RMA,ft,6,20106.49,3146.70,-4321.38,1314.38,18452.54,0.00,1.00,245.25,3.76,175.81,209.53,241.47,277.73,184.67,3246.19,3303.15,194.34,2503.91,303.62,262.12,1954.05,108.55,123.00,133.39,241.26,66.00
2012-05-11,RMA,ft,6,18401.26,3143.11,-3769.38,908.96,17674.02,0.00,1.00,208.75,2.86,169.83,208.06,236.98,251.79,183.46,3214.94,3321.00,193.09,2468.87,303.56,254.87,1921.65,108.72,123.09,133.69,241.20,65.52
2012-05-12,RMA,ft,6,16494.64,3042.67,-3764.38,1128.19,15407.49,0.00,1.00,173.08,2.17,166.92,206.59,209.20,242.59,182.30,3143.94,3309.97,192.43,2395.77,303.64,250.50,1903.71,111.36,122.91,133.97,226.64,65.26
2012-05-13,RMA,ft,6,15011.02,3664.42,-3690.38,1161.20,14569.67,0.00,1.00,163.79,1.75,168.75,204.67,177.70,270.29,182.66,3136.05,3396.53,191.11,2372.07,303.75,233.49,1912.37,117.08,122.65,133.89,192.73,65.12
2012-05-14,RMA,ft,6,14631.50,4067.13,-3453.38,293.53,15654.08,0.00,1.00,173.33,1.64,172.06,201.97,168.08,287.56,181.72,3238.16,3596.55,190.11,2414.98,303.84,201.55,1918.65,121.70,123.09,134.37,170.47,65.84
2012-05-15,RMA,ft,6,13615.72,4078.44,-6375.38,426.15,11600.44,0.00,1.00,182.25,1.78,175.67,200.24,174.91,282.66,180.05,3334.12,3808.22,190.49,2450.67,303.89,183.54,1895.91,121.21,124.26,135.70,171.05,65.34
2012-05-16,RMA,ft,6,12170.91,4106.86,-6499.38,804.48,9667.71,0.00,1.00,218.67,2.04,187.70,200.12,191.87,337.59,179.04,3540.22,4056.72,190.35,2594.57,303.53,184.09,1891.66,119.48,124.72,135.79,182.85,66.01
2012-05-17,RMA,ft,6,12444.23,4122.91,-6679.38,1013.92,9540.84,0.00,1.00,260.38,2.34,210.46,200.35,225.57,427.58,178.01,3862.53,4380.12,189.46,2851.09,302.15,194.85,1908.78,121.13,125.46,135.43,209.69,66.75
2012-05-18,RMA,ft,6,11183.03,3610.72,-6421.38,637.58,8342.18,0.00,1.00,298.46,2.72,243.75,199.90,262.88,529.44,177.11,4212.15,4734.05,188.26,3111.04,299.66,217.00,1939.34,123.96,126.66,135.02,245.12,68.27
2012-05-19,RMA,ft,6,10006.91,2820.55,-6445.38,1126.95,5888.62,0.00,1.00,319.42,2.99,277.31,198.64,293.97,625.13,175.46,4550.21,5047.04,186.79,3358.83,298.08,240.61,1959.43,126.69,129.14,136.21,278.48,68.63
2012-05-20,RMA,ft,6,8789.16,2439.89,-6771.38,1388.07,3699.51,0.00,1.00,322.29,3.22,347.78,196.29,313.57,813.74,173.77,4962.58,5495.52,184.41,3699.29,298.77,259.63,2012.19,129.99,132.19,136.88,303.88,69.67
2012-05-21,RMA,ft,6,8752.48,2272.03,-6270.38,1617.08,3720.00,0.00,1.00,334.46,3.38,463.77,192.82,322.09,1124.12,173.42,5547.68,6049.12,181.21,4164.61,300.44,276.22,2132.19,132.74,138.10,138.88,317.70,71.14
2012-05-22,RMA,ft,6,8130.51,2235.35,-7193.38,778.77,2925.38,0.00,1.00,346.08,3.48,588.14,188.39,330.81,1438.19,172.18,6217.61,6699.38,177.51,4682.92,301.38,291.08,2306.23,134.10,146.03,143.15,324.92,72.81
2012-05-23,RMA,ft,6,7790.41,2189.94,-6303.38,970.54,3188.56,0.00,1.00,353.54,3.36,681.19,184.29,341.88,1675.68,170.19,6704.54,7361.51,174.70,5070.36,301.68,303.40,2477.53,136.18,155.63,148.67,334.95,73.84
2012-05-24,RMA,ft,6,7784.82,2290.92,-6716.38,918.26,2897.51,0.00,1.00,306.42,2.91,791.89,180.42,345.85,1871.72,168.67,7029.75,7778.83,172.36,5356.07,301.56,314.42,2622.76,137.76,165.34,155.19,344.44,74.40
2012-05-25,RMA,ft,6,8046.84,2309.28,-6609.38,755.80,3403.52,0.00,1.00,277.42,2.44,990.16,177.24,320.15,2371.33,167.76,7579.28,8305.94,170.14,5823.05,301.26,323.74,2817.39,139.57,183.64,165.09,338.30,75.68
2012-05-26,RMA,ft,6,7462.27,2433.07,-4275.38,284.89,5756.67,0.00,1.00,316.21,2.10,912.11,175.77,292.98,2167.01,166.71,7580.55,8655.11,169.65,5735.28,300.65,327.93,2966.99,141.21,187.09,171.70,308.10,76.50
2012-05-27,RMA,ft,6,6976.18,2506.14,-3704.38,652.82,5604.86,0.00,1.00,341.96,1.83,821.53,174.58,308.69,1930.25,166.03,7441.21,8749.89,169.33,5585.44,299.74,313.38,3063.48,144.84,182.22,171.07,295.84,75.65
2012-05-28,RMA,ft,6,7816.16,2406.06,-3791.38,947.21,5977.93,0.00,1.00,299.71,1.60,780.87,173.80,328.43,1882.92,165.72,7409.87,8837.72,169.12,5577.81,298.73,300.28,3171.64,149.98,182.14,170.64,318.43,75.11
2012-05-29,RMA,ft,6,8083.51,2430.18,-3773.38,753.11,6427.96,0.00,1.00,314.38,1.67,809.98,173.05,314.07,2013.94,165.45,7574.54,9114.84,168.96,5783.65,297.60,306.84,3323.84,149.28,191.61,174.04,324.24,75.36
2012-05-30,RMA,ft,6,7995.49,2759.57,-3741.38,1276.69,6155.06,0.00,1.00,298.25,2.06,853.38,172.65,308.17,2157.67,165.17,7845.24,9526.15,168.91,5995.54,296.58,314.12,3489.41,146.37,203.51,179.10,309.98,75.65
2012-05-31,RMA,ft,6,8226.71,2892.05,-4759.91,1733.32,4996.35,0.00,1.00,299.17,2.80,966.14,172.32,302.10,2418.56,165.14,8341.15,9970.87,168.90,6419.14,295.52,309.95,3676.36,146.72,223.38,188.01,305.87,75.87
2012-06-01,RMA,ft,6,9460.20,2851.14,-4808.91,2150.75,5687.27,0.00,1.00,321.58,3.82,1259.36,172.44,302.84,2967.11,165.37,9109.01,10557.92,169.03,7147.38,294.16,305.33,3892.63,152.50,267.99,208.87,300.71,76.92
2012-06-02,RMA,ft,6,10235.05,2894.45,-4141.91,2300.05,6983.75,0.00,1.00,375.96,4.96,1669.55,172.76,324.15,3706.21,166.31,10068.38,11295.07,169.63,7970.76,291.61,300.70,4223.40,162.00,338.69,248.72,309.99,78.86
2012-06-03,RMA,ft,6,10464.64,2591.34,-3280.91,1762.54,8261.55,0.00,1.00,400.29,5.85,1882.75,173.38,363.24,4121.96,168.31,10844.65,11920.16,171.27,8580.39,288.36,301.94,4607.43,166.77,381.00,282.19,339.12,80.06
2012-06-04,RMA,ft,6,10591.53,2518.51,-3291.91,2089.12,8025.53,0.00,1.00,417.46,6.14,1987.05,174.52,393.55,4244.66,171.30,11475.94,12425.12,173.72,9108.19,284.38,315.00,5003.16,168.29,395.81,297.07,376.66,80.30
2012-06-05,RMA,ft,6,11286.21,2515.76,-3006.91,737.72,10351.98,0.00,1.00,443.50,6.14,2000.42,176.11,412.61,4140.36,174.77,11670.63,12573.86,176.74,9273.58,285.87,334.56,5331.05,174.38,391.07,303.22,409.32,80.63
2012-06-06,RMA,ft,6,12482.11,2516.30,-3133.91,1512.87,10712.95,0.00,1.00,445.88,5.70,1775.15,178.12,432.30,3619.45,178.60,11415.29,12393.07,179.69,9132.95,301.01,348.21,5540.25,179.63,348.05,288.03,434.95,79.92
2012-06-07,RMA,ft,6,12968.80,2418.06,-3169.91,2133.08,10384.52,0.00,1.00,451.33,4.78,1679.96,179.92,444.07,3391.46,182.08,11272.26,12163.62,182.94,9178.48,324.78,357.32,5767.83,180.24,316.86,278.24,445.43,79.17
2012-06-08,RMA,ft,6,14297.09,2428.53,-3192.91,2336.31,11440.08,0.00,1.00,461.79,3.66,1658.41,181.93,449.31,3335.90,185.21,11247.23,12162.11,186.65,9228.96,352.39,365.77,6058.10,174.20,298.82,277.59,450.73,79.24
2012-06-09,RMA,ft,6,16000.28,2342.72,-3950.91,2093.67,12550.91,0.00,1.00,441.46,2.71,1434.53,184.36,455.35,2858.15,189.14,10945.95,11997.64,190.00,8880.88,375.65,377.72,6225.88,167.10,268.14,268.65,455.89,79.02
2012-06-10,RMA,ft,6,18063.75,2293.30,-4245.91,2198.80,14142.45,0.00,1.00,441.46,1.95,1185.12,186.92,450.08,2267.93,191.90,10475.98,11558.29,192.99,8523.08,391.54,390.05,6207.64,160.91,237.01,250.98,448.62,77.05
2012-06-11,RMA,ft,6,19480.04,2210.34,-4224.91,2560.38,15081.62,0.00,1.00,436.91,1.57,1129.84,189.65,442.15,2035.91,194.87,10230.29,11360.10,195.17,8314.25,408.04,395.22,6253.92,155.46,225.81,246.33,441.42,76.35
2012-06-12,RMA,ft,6,20396.29,2137.74,-4225.91,3032.19,15483.09,0.00,1.00,441.38,1.57,1095.22,192.21,439.64,1871.58,197.69,10085.31,11278.33,197.62,8100.64,420.11,397.39,6368.97,154.12,221.87,248.45,439.01,75.63
2012-06-13,RMA,ft,6,19953.59,2167.30,-4221.91,2903.44,15193.49,0.00,1.00,445.21,1.83,1087.97,194.79,439.37,1829.52,200.11,10079.54,11225.14,200.72,8052.72,426.94,397.19,6503.16,151.63,219.58,250.75,440.02,75.24
2012-06-14,RMA,ft,6,19400.11,2076.14,-4247.91,2825.92,14601.14,0.00,1.00,475.08,2.20,1092.49,197.64,443.43,1864.56,203.74,10184.24,11210.01,204.24,8143.00,430.80,394.42,6580.02,145.76,218.32,251.86,445.28,74.98
2012-06-15,RMA,ft,6,18760.50,1981.18,-4176.91,2885.15,13845.79,0.00,1.00,457.08,2.60,1084.44,200.66,454.11,1842.59,207.63,10233.99,11069.38,207.79,8160.20,431.88,391.07,6579.48,136.65,218.49,250.80,459.94,75.19
2012-06-16,RMA,ft,6,19109.20,1849.84,-3056.91,3333.33,14702.25,0.00,1.00,423.08,2.97,1036.13,203.31,464.42,1761.86,211.82,10092.52,10783.48,211.06,8059.52,432.01,388.39,6471.73,133.79,220.75,249.94,464.39,74.75
2012-06-17,RMA,ft,6,18871.92,1737.88,-1331.91,3891.13,15543.43,0.00,1.00,403.13,3.34,1017.17,205.73,454.55,1766.78,215.68,9939.77,10524.73,214.43,7975.81,431.95,384.14,6388.83,134.34,221.86,248.16,445.19,74.37
2012-06-18,RMA,ft,6,18980.34,1786.68,-2910.91,3402.87,14579.40,0.00,1.00,393.21,3.59,1008.67,208.77,433.65,1996.09,218.72,9975.65,10448.97,218.31,7970.93,433.59,380.42,6430.10,132.14,221.55,244.20,419.21,75.00
2012-06-19,RMA,ft,6,19191.04,1713.57,-2446.91,3290.16,15263.60,0.00,1.00,372.92,3.73,954.41,211.50,411.39,1784.71,221.97,9735.91,10240.36,220.95,7719.78,435.51,381.35,6338.68,128.49,221.25,246.04,401.86,74.85
2012-06-20,RMA,ft,6,18252.12,1735.20,-2540.91,3750.86,13829.36,0.00,1.00,353.42,3.70,857.55,213.83,394.34,1498.41,225.07,9249.62,9707.54,223.05,7328.66,435.73,383.71,6150.60,124.31,214.02,238.79,386.92,73.82
2012-06-21,RMA,ft,6,18899.36,1847.91,-2940.91,4091.25,13831.87,0.00,1.00,354.46,3.53,819.65,216.48,377.31,1534.86,226.23,8917.88,9257.07,224.82,7134.18,433.35,382.72,6073.96,123.66,207.85,230.87,367.75,73.44
2012-06-22,RMA,ft,6,18862.57,1748.63,-3023.91,3169.84,14513.52,0.00,1.00,371.21,3.22,723.58,218.74,361.52,1473.95,226.49,8639.04,9054.25,225.82,6859.63,428.70,380.22,6111.29,128.06,203.03,224.47,356.34,73.81
2012-06-23,RMA,ft,6,18927.15,1703.56,-2643.91,2819.31,15410.46,0.00,1.00,373.04,2.78,620.55,220.21,358.17,1202.58,227.09,8162.77,8594.64,226.21,6461.67,424.69,376.48,5950.14,133.83,194.07,215.43,360.67,72.49
2012-06-24,RMA,ft,6,17813.64,1596.71,-4075.91,2897.34,12618.42,0.00,1.00,338.33,2.29,551.86,221.65,365.45,1025.32,227.05,7635.51,8043.97,225.88,6018.19,420.24,370.42,5742.83,133.19,184.18,205.63,369.37,71.90
2012-06-25,RMA,ft,6,17765.13,1586.52,-4414.91,3182.48,11909.22,0.00,1.00,343.04,1.95,485.02,222.40,365.93,862.07,225.93,7103.11,7523.56,224.93,5540.96,414.05,364.60,5576.72,128.48,176.96,197.60,361.22,70.97
2012-06-26,RMA,ft,6,16901.59,1667.98,-4405.91,2950.53,11372.09,0.00,1.00,331.00,1.75,439.18,222.51,350.33,764.67,224.07,6655.33,7104.06,223.56,5178.97,399.47,359.44,5376.91,125.97,173.08,191.01,343.89,69.94
2012-06-27,RMA,ft,6,16699.57,1802.32,-4394.91,3406.06,10851.50,0.00,1.00,329.75,1.89,432.69,222.08,340.21,776.23,222.09,6372.80,6940.46,221.76,5000.12,377.91,354.96,5128.06,126.04,171.74,187.27,336.92,69.51
2012-06-28,RMA,ft,6,16464.32,1885.05,-4434.91,3879.99,10171.51,0.00,1.00,333.29,2.42,469.05,221.02,333.78,908.43,219.64,6358.93,6984.42,219.28,5000.48,359.98,350.74,4966.75,130.04,172.62,186.22,331.31,70.00
2012-06-29,RMA,ft,6,16690.23,1796.34,-5228.91,3570.54,9814.63,0.00,1.00,330.50,3.33,532.90,219.02,331.18,1113.32,216.91,6574.99,7126.73,216.20,5159.77,347.07,346.17,4901.91,134.56,175.45,185.79,331.44,70.72
2012-06-30,RMA,ft,6,16834.07,2033.54,-5360.91,3168.86,10520.14,0.00,1.00,335.75,4.31,611.62,216.23,331.96,1337.75,213.64,6969.28,7401.64,212.82,5488.21,337.04,340.43,4802.10,133.99,181.10,185.48,331.88,71.40
2012-07-01,RMA,ft,6,17259.44,2000.70,-4992.91,3359.02,11111.14,0.00,1.00,322.79,5.19,712.93,212.88,332.20,1590.23,210.33,7414.57,7820.82,209.37,5862.33,333.45,333.60,4701.62,130.75,190.36,187.27,332.75,72.39
2012-07-02,RMA,ft,6,18127.84,2009.90,-6350.91,3153.43,10801.65,0.00,1.00,403.08,5.77,775.60,209.02,333.36,1697.79,207.19,7695.80,8144.67,205.85,6075.10,333.08,328.42,4642.75,128.23,196.61,189.78,333.48,73.21
2012-07-03,RMA,ft,6,17941.99,2039.37,-9678.91,3915.76,6509.89,0.00,1.00,439.33,6.01,859.34,204.15,347.30,1843.03,204.46,7879.08,8309.00,202.16,6231.53,333.63,324.16,4621.83,125.43,202.37,192.53,369.05,73.83
2012-07-04,RMA,ft,6,17079.90,1887.06,-9697.91,4202.41,5182.34,0.00,1.00,458.42,5.70,1040.06,199.04,383.05,2195.97,201.92,8210.68,8639.92,198.39,6546.11,343.00,319.41,4634.61,123.06,216.83,201.95,418.41,74.63
2012-07-05,RMA,ft,6,16955.38,1787.11,-10685.91,4163.86,4090.14,0.00,1.00,465.13,5.00,1222.49,194.24,413.75,2609.91,199.75,8591.49,9170.25,195.16,6845.93,383.11,314.33,4729.68,122.69,233.83,217.83,445.55,76.61
2012-07-06,RMA,ft,6,17058.58,1681.27,-10990.91,3789.82,4075.29,0.00,1.00,461.00,4.11,1231.28,190.54,440.49,2568.32,198.46,8636.90,9460.90,193.00,6815.61,421.55,311.37,4805.78,119.68,232.47,226.55,459.11,77.25
2012-07-07,RMA,ft,6,17037.56,1637.12,-10406.91,4427.04,3998.89,0.00,1.00,507.65,3.12,1223.97,188.06,456.94,2451.77,198.35,8583.04,9548.99,191.93,6784.28,443.51,309.28,4817.58,118.10,220.89,227.55,464.02,76.98
2012-07-08,RMA,ft,6,17264.79,1569.32,-9338.91,4617.98,5015.44,0.00,1.00,512.21,2.32,1300.52,186.52,464.53,2659.26,198.36,8702.63,9790.88,191.83,6929.61,455.21,307.07,4907.29,118.42,218.02,231.87,478.25,77.08
2012-07-09,RMA,ft,6,17692.96,1512.69,-8805.91,4286.43,6262.33,0.00,1.00,490.83,1.78,1347.08,185.75,478.34,2863.59,198.71,8828.96,10133.89,192.33,6949.18,462.27,306.12,5073.45,114.96,223.23,243.09,502.96,77.92
2012-07-10,RMA,ft,6,17487.30,1420.37,-11488.04,4222.91,3380.71,0.00,1.00,544.91,1.46,1347.07,185.14,496.25,2741.70,200.55,8823.47,10377.91,192.81,6820.22,477.15,307.58,5154.39,103.08,223.18,252.17,505.67,77.79
2012-07-11,RMA,ft,6,17339.41,1425.30,-11479.04,4681.28,2782.56,0.00,1.00,589.04,1.45,1472.83,184.81,502.62,2769.17,203.60,8923.53,10614.02,193.79,6884.09,495.98,308.25,5158.29,105.75,227.47,263.64,510.90,77.48
2012-07-12,RMA,ft,6,17603.39,1390.36,-11466.04,4733.14,2950.61,0.00,1.00,596.58,1.67,1778.00,185.03,507.85,3195.34,208.16,9385.98,11057.60,196.86,7256.71,501.71,306.13,5218.01,119.46,245.08,285.34,545.59,78.32
2012-07-13,RMA,ft,6,17720.82,1217.13,-11495.04,4264.55,3312.13,0.00,1.00,596.58,2.02,2101.12,186.38,520.38,3806.82,213.67,10093.31,11727.78,202.79,7857.21,504.54,302.12,5360.91,121.56,277.44,313.05,578.12,79.72
2012-07-14,RMA,ft,6,17712.95,1090.98,-11825.04,3540.44,3561.09,0.00,1.00,596.58,2.46,2271.99,190.66,536.34,4192.96,221.63,10722.33,12332.66,211.24,8378.98,515.19,299.18,5521.31,120.29,310.26,336.68,591.63,80.60
2012-07-15,RMA,ft,6,18481.79,1032.29,-11819.52,3428.12,4426.88,0.00,1.00,596.58,2.88,2550.81,197.43,546.51,4470.69,234.56,11322.39,12824.60,222.02,8950.03,534.09,295.42,5637.58,119.47,353.80,379.68,595.01,80.82
2012-07-16,RMA,ft,6,18589.51,1013.93,-12601.52,3707.98,3421.28,0.00,1.00,566.79,3.26,2926.30,209.01,544.01,5162.74,248.33,12129.42,13525.09,238.92,9688.97,553.38,289.58,5906.40,120.47,420.20,433.71,595.49,81.61
2012-07-17,RMA,ft,6,19098.18,1053.21,-12684.87,2947.48,4593.84,0.00,1.00,544.71,3.57,3034.55,224.11,541.49,5307.16,266.61,12532.60,14061.52,258.69,9948.79,571.61,286.39,6255.12,121.32,457.75,479.86,593.27,82.77
2012-07-18,RMA,ft,6,18664.12,1054.93,-12612.87,2739.72,4532.52,0.00,1.00,589.42,3.68,2925.64,240.08,551.10,4855.50,291.52,12484.51,13934.28,277.63,9958.17,584.08,286.94,6363.72,120.63,458.10,509.32,579.94,82.21
2012-07-19,RMA,ft,6,18142.92,1054.00,-12804.87,3179.54,3334.56,0.00,1.00,565.83,3.70,2961.56,259.65,550.84,5147.09,316.59,12639.79,13963.24,299.82,10235.67,588.65,284.60,6542.50,120.72,465.75,504.55,563.32,82.07
2012-07-20,RMA,ft,6,19364.97,972.72,-12081.87,3095.29,5235.24,0.00,1.00,524.79,3.48,2921.35,280.13,543.60,5343.97,341.88,12802.66,14155.01,321.09,10421.91,585.64,281.52,6806.58,122.21,473.02,513.29,567.54,82.70
2012-07-21,RMA,ft,6,19406.70,985.08,-12706.87,3869.31,3936.44,0.00,1.00,572.54,3.12,2899.20,297.95,541.20,5049.05,367.81,12762.40,14198.92,340.17,10457.05,576.26,279.11,7013.83,121.84,446.60,518.68,570.51,82.57
2012-07-22,RMA,ft,6,19048.72,1162.76,-13195.87,4090.71,3078.05,0.00,1.00,516.42,2.75,3107.68,316.20,538.77,5407.37,392.40,12942.99,14389.08,361.33,10707.41,569.30,274.00,7264.06,121.40,433.64,520.47,553.40,82.70
2012-07-23,RMA,ft,6,18898.86,1442.05,-13281.87,3941.54,3250.43,0.00,1.00,532.46,2.37,3381.04,336.34,538.17,6192.16,412.85,13314.13,14808.81,384.05,11048.69,566.67,269.27,7587.69,124.21,464.69,557.65,544.69,83.60
2012-07-24,RMA,ft,6,18691.35,1717.58,-13524.87,3239.89,3754.20,0.00,1.00,539.92,2.10,3587.37,359.21,541.10,6472.67,432.30,13530.34,15251.96,410.62,11084.68,555.35,270.50,7906.96,125.61,524.84,645.52,532.01,84.62
2012-07-25,RMA,ft,6,18383.46,2062.44,-12426.87,3364.38,4798.28,0.00,1.00,560.75,2.01,3596.19,383.40,537.62,6163.70,453.91,13563.88,15526.02,435.03,10966.35,544.79,281.97,8131.94,124.40,532.64,696.55,537.51,84.25
2012-07-26,RMA,ft,6,18111.15,2335.51,-12639.87,3079.94,4853.73,0.00,1.00,507.46,2.27,3687.13,406.00,542.88,6142.01,473.94,13753.35,15752.70,459.95,11095.55,536.11,303.44,8330.56,124.83,545.32,727.35,547.18,84.05
2012-07-27,RMA,ft,6,18400.35,2400.14,-12549.87,2719.07,5644.83,0.00,1.00,482.83,2.77,3855.09,424.72,532.64,6344.23,500.33,14147.69,16074.96,484.01,11493.85,539.45,334.53,8492.66,124.78,601.01,766.78,521.52,84.18
2012-07-28,RMA,ft,6,18082.75,2579.20,-12026.87,2726.40,6045.63,0.00,1.00,498.71,3.50,3942.55,439.46,500.24,6291.40,534.02,14559.76,16317.47,501.62,11928.28,543.48,370.77,8588.95,123.88,666.46,806.41,493.60,84.17
2012-07-29,RMA,ft,6,17790.56,2761.51,-10529.87,2756.15,7409.27,0.00,1.00,525.29,4.27,3882.52,450.62,496.54,6094.35,564.91,14861.05,16439.43,518.53,12262.70,525.00,404.78,8720.42,124.74,707.20,821.27,498.76,84.09
2012-07-30,RMA,ft,6,17339.50,3074.89,-10518.87,2704.96,7345.45,0.00,1.00,504.46,4.83,3718.55,463.74,512.70,5810.44,591.62,15009.71,16410.37,534.72,12480.68,502.83,429.55,8874.47,126.15,729.71,825.35,513.94,83.56
2012-07-31,RMA,ft,6,18320.29,3445.32,-10643.87,2947.07,8274.36,0.00,1.00,491.17,5.07,3700.08,479.34,507.54,5823.63,616.65,15161.12,16335.00,550.68,12716.68,506.42,444.22,9074.25,127.16,742.87,825.52,505.44,83.38
2012-08-01,RMA,ft,6,18256.98,3863.04,-10736.87,2766.39,8718.33,0.00,0.00,524.00,4.95,3689.66,494.93,500.57,5913.05,636.66,15367.98,16375.48,565.15,13083.25,508.50,458.75,9372.67,126.11,749.32,838.23,503.11,83.60
2012-08-02,RMA,ft,6,18197.53,4177.71,-10823.87,2773.55,8891.33,0.00,0.00,527.83,4.56,3566.46,508.98,518.46,5732.01,651.33,15667.15,16494.36,577.61,13734.96,502.75,469.01,9801.76,123.78,723.41,832.94,520.94,83.71
2012-08-03,RMA,ft,6,18477.91,4164.42,-11221.87,2832.33,8707.79,0.00,0.00,547.17,3.95,3556.81,520.25,531.11,5789.50,662.17,15987.80,16630.72,589.38,14294.66,515.58,473.53,10367.20,124.35,692.37,816.78,533.52,83.62
2012-08-04,RMA,ft,6,18930.71,4099.94,-11996.87,2449.33,8701.96,0.00,0.00,561.46,3.25,3509.61,530.95,546.17,5854.79,662.65,16236.89,16809.71,600.98,14650.16,529.09,481.40,10964.81,127.30,661.44,810.86,549.00,83.99
2012-08-05,RMA,ft,6,19446.50,3907.78,-13639.87,1631.21,8204.55,0.00,0.00,554.42,2.54,3234.71,538.09,556.97,5303.28,660.36,16242.75,16796.37,608.74,14723.54,542.71,492.05,11443.31,128.95,602.94,777.84,557.26,83.78
2012-08-06,RMA,ft,6,19904.82,3683.42,-13725.87,1920.38,8098.04,0.00,0.00,530.54,2.00,2932.60,539.46,551.40,4599.33,666.64,16090.06,16522.16,611.56,14638.95,552.56,504.56,11812.35,128.76,516.75,718.96,548.64,82.79
2012-08-07,RMA,ft,6,20555.45,3427.43,-13694.87,2517.82,7941.59,0.00,0.00,508.46,1.61,2713.70,534.13,532.64,4032.00,673.85,15859.17,16199.11,607.13,14525.25,550.80,513.27,12101.67,128.47,450.95,676.36,528.82,81.83
2012-08-08,RMA,ft,6,21333.77,3122.33,-13642.87,2401.84,8543.54,0.00,0.00,535.33,1.36,2592.78,525.49,518.63,3631.73,674.98,15678.60,15958.98,599.75,14461.37,537.38,514.00,12351.84,128.61,417.61,661.26,518.14,81.11
2012-08-09,RMA,ft,6,21988.18,2884.52,-13802.87,2518.28,8672.16,0.00,0.00,518.42,1.32,2521.81,514.70,525.13,3291.25,676.76,15577.57,15749.24,593.41,14446.87,523.28,507.19,12531.98,129.69,400.66,646.77,526.69,80.25
2012-08-10,RMA,ft,6,22173.49,2570.27,-13003.87,2695.46,9205.27,0.00,0.00,511.38,1.48,2584.07,503.39,524.18,3300.81,677.35,15651.33,15631.29,592.52,14626.10,522.22,494.99,12695.72,132.18,397.24,617.98,521.59,79.93
2012-08-11,RMA,ft,6,22529.94,2212.47,-13585.87,2463.42,8864.44,0.00,0.00,532.42,1.80,2702.38,494.21,517.08,3519.65,679.09,15884.17,15688.61,594.70,14902.71,525.95,481.41,12874.33,136.73,426.09,610.09,515.42,80.32
2012-08-12,RMA,ft,6,20754.72,1977.64,-11978.18,2462.75,8467.10,0.00,0.00,557.79,2.15,2699.57,496.33,519.27,3588.22,677.68,16009.86,15766.69,597.95,14998.42,522.97,469.04,13053.82,137.64,469.68,654.61,524.76,80.36
2012-08-13,RMA,ft,6,21067.29,1761.41,-11827.18,1946.32,9228.01,0.00,0.00,561.50,2.54,2546.52,506.88,531.93,3438.73,679.50,15911.94,15599.96,604.01,14871.72,519.59,459.46,13183.20,137.56,486.68,678.33,543.69,79.94
2012-08-14,RMA,ft,6,20780.11,1585.37,-11990.18,1883.36,8605.93,0.00,0.00,546.38,2.94,2492.96,520.74,543.56,3490.90,681.45,15832.90,15458.77,615.62,14817.32,529.16,448.97,13297.51,139.98,482.77,670.28,556.81,79.54
2012-08-15,RMA,ft,6,20187.44,1396.86,-11860.18,1293.52,8521.24,0.00,0.00,565.04,3.23,2498.85,538.79,549.22,3770.96,682.31,15811.01,15418.04,630.79,14814.79,546.54,438.78,13427.14,141.59,487.27,674.35,556.50,79.97
2012-08-16,RMA,ft,6,19455.07,1334.66,-12656.18,1220.44,6994.80,0.00,0.00,564.46,3.40,2405.62,556.79,551.61,3694.13,684.42,15686.05,15339.73,640.00,14728.63,553.73,432.02,13520.96,141.44,491.53,687.58,554.85,80.11
2012-08-17,RMA,ft,6,18929.66,1438.25,-12786.18,1275.51,6417.53,0.00,0.00,510.50,3.41,2286.95,567.14,553.71,3433.88,691.74,15414.68,15086.21,643.16,14530.09,552.50,426.85,13574.52,142.71,459.27,658.22,560.03,79.76
2012-08-18,RMA,ft,6,18844.48,1266.85,-12504.18,1101.53,6627.93,0.00,0.00,513.25,3.27,2212.80,571.27,556.78,3187.44,699.45,15101.59,14752.30,644.50,14323.95,552.43,421.44,13599.20,145.31,399.21,602.34,549.82,79.34
2012-08-19,RMA,ft,6,18463.63,1185.95,-12249.18,1081.43,6458.03,0.00,0.00,503.08,3.05,2187.37,574.41,551.64,3097.75,703.87,14872.27,14508.10,646.99,14199.88,554.14,415.08,13616.40,147.80,356.40,568.36,523.84,79.15
2012-08-20,RMA,ft,6,18295.46,1092.89,-11994.18,1012.11,6542.86,0.00,0.00,472.17,2.82,2184.95,578.62,539.05,3113.46,708.70,14755.08,14406.79,650.91,14150.72,552.65,408.79,13638.04,148.98,343.74,561.25,512.08,79.14
2012-08-21,RMA,ft,6,18109.89,1029.86,-11696.18,1235.00,6395.16,0.00,0.00,430.38,2.63,2203.48,586.00,527.61,3149.74,714.53,14724.96,14434.41,657.51,14165.10,543.71,403.49,13658.57,148.91,342.26,565.55,503.61,79.28
2012-08-22,RMA,ft,6,17717.17,1062.19,-11483.18,1153.08,6253.68,0.00,0.00,498.04,2.52,2254.28,596.31,515.78,3232.48,719.55,14786.81,14559.11,667.56,14248.18,532.01,400.39,13696.51,148.51,351.88,579.79,482.42,79.55
2012-08-23,RMA,ft,6,17492.12,1042.56,-11493.18,1016.72,6140.08,0.00,0.00,506.50,2.45,2367.47,611.84,500.21,3444.73,727.63,14912.35,14683.33,681.81,14354.23,521.72,397.14,13737.55,149.22,368.00,599.65,457.30,79.66
2012-08-24,RMA,ft,6,17150.50,950.84,-12486.67,1012.02,4742.18,0.00,0.00,529.58,2.60,2568.71,630.21,489.28,3696.29,737.81,15140.11,14929.74,698.75,14527.09,510.69,390.82,13785.69,149.47,399.46,624.64,469.97,80.29
2012-08-25,RMA,ft,6,16957.00,905.79,-12483.08,1058.70,4452.23,0.00,0.00,543.88,2.88,2790.03,649.35,487.27,3999.39,748.07,15451.02,15242.77,718.68,14772.86,497.37,382.82,13844.26,149.20,445.38,647.17,494.60,80.69
2012-08-26,RMA,ft,6,16117.21,855.88,-11776.62,646.61,4643.03,0.00,0.00,541.04,3.20,2880.06,669.55,491.03,4228.84,760.03,15748.71,15468.54,737.81,15004.37,488.52,377.52,13928.70,152.07,481.52,663.63,510.37,81.09
2012-08-27,RMA,ft,6,14599.43,840.65,-10698.79,442.95,4545.31,0.00,0.00,574.21,3.53,2806.67,687.12,501.22,3955.58,775.09,15783.44,15436.56,749.29,15044.73,485.59,377.36,13993.64,155.16,498.63,691.88,525.80,80.90
2012-08-28,RMA,ft,6,13408.97,893.24,-10031.06,813.16,3840.23,0.00,0.00,614.38,3.81,2889.26,703.13,515.45,4174.14,795.28,15824.84,15445.58,760.95,15125.32,486.69,376.00,14065.56,156.14,513.60,703.16,538.21,80.36
2012-08-29,RMA,ft,6,12928.07,921.09,-9804.20,747.96,3631.98,0.00,0.00,599.96,3.89,3118.73,719.50,525.56,4813.30,812.71,16067.68,15789.96,774.64,15363.20,490.97,372.65,14188.67,156.81,554.08,740.40,551.49,81.77
2012-08-30,RMA,ft,6,12656.78,1002.37,-10045.08,686.21,3243.48,0.00,0.00,565.46,3.68,3229.10,734.01,540.59,5167.85,827.16,16297.21,16174.19,786.53,15595.31,497.90,371.78,14314.84,157.85,619.86,802.96,580.30,82.47
2012-08-31,RMA,ft,6,11863.54,994.18,-10058.61,681.65,2488.72,0.00,0.00,549.25,3.43,3390.42,748.07,558.20,5726.81,839.67,16605.61,16592.55,798.60,15899.57,505.52,369.72,14476.53,160.42,672.94,829.71,598.34,83.28
2012-09-01,RMA,ft,6,11565.50,1063.86,-10325.72,72.09,2629.16,0.00,0.00,564.38,3.06,3483.27,758.90,573.16,6020.66,849.43,16892.18,16966.52,807.33,16170.38,518.03,368.61,14654.83,163.26,721.86,858.47,583.21,84.04
2012-09-02,RMA,ft,6,11039.15,1088.75,-11105.60,208.19,1274.92,0.00,0.00,574.04,2.67,3600.95,765.11,575.54,6081.96,861.15,17107.27,17220.94,812.72,16386.66,538.28,367.92,14825.08,163.85,749.45,884.46,561.53,84.27
2012-09-03,RMA,ft,6,10669.08,1087.12,-10724.94,663.80,868.74,0.00,0.00,564.79,2.26,3766.93,768.56,568.82,6254.72,868.93,17295.16,17425.88,815.59,16583.22,553.79,367.27,15001.23,163.76,770.92,908.45,560.25,84.66
2012-09-04,RMA,ft,6,11902.96,1137.05,-11030.38,856.58,1727.04,0.00,0.00,599.54,1.90,4035.33,767.22,565.29,6567.07,877.58,17511.78,17652.19,818.21,16792.50,559.95,366.62,15182.10,164.75,799.15,944.57,568.50,85.08
2012-09-05,RMA,ft,6,13124.85,1254.93,-10769.25,786.45,3492.20,0.00,0.00,610.54,1.59,4275.96,766.72,566.78,6901.74,887.82,17751.73,17801.64,823.72,16986.80,559.31,367.97,15362.36,165.67,818.43,991.32,573.72,85.68
2012-09-06,RMA,ft,6,15322.31,1331.27,-12206.48,683.59,4500.27,0.00,0.00,593.96,1.44,4451.58,765.78,573.66,6963.46,894.75,17991.85,17993.24,833.35,17189.71,559.89,370.95,15533.59,167.47,798.78,1014.44,592.97,85.89
2012-09-07,RMA,ft,6,17863.59,1362.03,-12492.63,835.22,6679.96,0.00,0.00,626.21,1.37,4615.53,766.36,586.10,6833.23,901.71,18273.43,18242.30,845.53,17446.83,564.27,373.07,15701.56,170.14,764.19,1014.98,603.59,86.03
2012-09-08,RMA,ft,6,21324.86,1308.26,-12399.99,988.84,10054.60,0.00,0.00,652.63,1.39,4592.69,768.44,595.34,6493.09,910.87,18516.03,18407.41,856.60,17663.17,574.26,373.57,15870.16,172.82,709.77,964.83,605.74,85.95
2012-09-09,RMA,ft,6,24259.75,1240.89,-12538.62,983.24,12815.34,0.00,0.00,659.58,1.57,4343.74,768.93,602.19,5854.40,922.06,18600.67,18353.47,863.58,17742.44,585.70,372.34,16026.19,174.36,638.33,881.65,623.60,85.61
2012-09-10,RMA,ft,6,25700.69,1265.85,-12509.46,1041.14,14308.15,0.00,0.00,588.42,1.81,3966.06,769.02,616.52,4774.51,940.01,18486.25,18143.27,864.64,17659.77,593.27,373.38,16158.25,176.56,594.03,861.73,644.26,84.48
2012-09-11,RMA,ft,6,27454.26,1320.52,-12480.38,1269.42,15851.33,0.00,0.00,584.83,2.09,3587.16,765.79,632.72,3871.86,953.10,18213.72,17716.66,862.45,17446.66,603.93,375.62,16271.49,176.77,573.21,873.38,639.62,83.02
2012-09-12,RMA,ft,6,27665.66,1423.95,-10788.56,1285.08,17799.48,0.00,0.00,617.25,2.40,3213.40,768.79,631.99,3350.53,954.85,17782.08,17109.82,860.20,17081.95,618.92,379.23,16371.51,174.52,558.96,884.87,605.81,81.13
2012-09-13,RMA,ft,6,27042.32,1436.75,-9837.15,1182.47,18248.49,0.00,0.00,602.29,2.69,2822.19,771.59,611.61,2870.44,953.32,17155.85,16377.49,855.87,16547.28,628.96,385.28,16399.06,175.47,540.37,856.36,596.15,79.42
2012-09-14,RMA,ft,6,25653.35,1396.93,-9865.33,1337.16,16632.34,0.00,0.00,621.00,2.97,2485.81,769.47,602.33,2605.38,947.54,16439.45,15567.01,848.07,15956.26,623.75,390.19,16352.20,176.31,519.39,808.94,607.07,77.85
2012-09-15,RMA,ft,6,24044.15,1325.15,-9748.99,1134.59,15289.81,0.00,0.00,610.42,3.21,2231.46,765.10,605.30,2495.76,933.70,15752.69,14861.83,836.07,15384.68,610.81,392.27,16219.46,175.06,500.86,761.18,609.41,77.19
2012-09-16,RMA,ft,6,22423.25,1152.64,-9742.00,1249.38,13362.57,0.00,0.00,566.88,3.39,2028.90,756.22,607.69,2338.17,916.95,15092.71,14129.82,819.01,14818.76,604.36,392.55,15978.72,173.93,489.31,722.58,614.38,76.46
2012-09-17,RMA,ft,6,20714.07,1130.15,-9644.28,1223.28,11700.80,0.00,0.00,572.29,3.50,1901.49,740.92,609.85,2373.80,893.14,14467.98,13453.69,802.00,14269.09,603.32,391.27,15696.27,173.51,481.54,693.44,609.17,76.29
2012-09-18,RMA,ft,6,19213.57,1167.76,-8303.76,1017.50,11699.71,0.00,0.00,559.29,3.51,1798.39,730.05,606.36,2470.69,859.43,13938.80,12947.16,787.42,13796.27,604.17,392.51,15388.36,173.23,466.51,663.39,586.37,76.64
2012-09-19,RMA,ft,6,17909.73,1161.04,-7597.39,1065.90,10839.29,0.00,0.00,609.17,3.42,1691.56,719.95,592.76,2409.73,835.52,13517.68,12530.94,768.44,13398.53,605.39,397.52,15057.94,172.82,453.90,629.88,571.60,76.51
2012-09-20,RMA,ft,6,16597.31,1169.48,-7420.13,1274.72,9389.09,0.00,0.00,578.48,3.30,1549.18,705.76,579.06,2141.24,814.28,13089.56,12038.01,745.00,12998.34,605.13,407.41,14762.64,172.10,464.94,610.22,569.17,76.16
2012-09-21,RMA,ft,6,15656.48,1151.33,-6843.95,1460.10,8781.23,0.00,0.00,589.21,3.03,1372.98,688.11,580.19,1776.68,791.54,12503.02,11286.33,721.74,12445.96,602.53,420.80,14470.73,172.75,446.48,566.41,585.56,74.03
2012-09-22,RMA,ft,6,14080.31,1158.96,-6590.82,1636.98,7313.92,0.00,0.00,625.50,2.83,1336.23,665.49,588.33,1801.09,764.95,11976.42,10701.89,696.66,11924.26,598.20,427.09,14115.72,175.63,417.46,523.00,589.91,73.79
2012-09-23,RMA,ft,6,13401.75,1131.13,-6818.71,1895.37,6129.53,0.00,0.00,610.58,2.73,1365.32,640.64,588.82,1957.17,738.17,11689.02,10510.32,671.24,11622.00,593.36,429.17,13758.89,175.59,412.02,505.38,589.79,74.40
2012-09-24,RMA,ft,6,13499.13,1196.03,-6942.63,1982.13,6041.89,0.00,0.00,575.96,2.57,1418.44,617.58,596.29,2173.34,714.88,11598.45,10574.85,647.43,11511.10,589.77,431.08,13427.81,171.14,413.86,504.50,606.95,75.10
2012-09-25,RMA,ft,6,13259.77,1211.14,-7086.57,1912.43,5722.92,0.00,0.00,557.67,2.77,1449.60,598.27,607.98,2318.33,689.11,11603.11,10735.07,624.76,11509.73,587.99,435.92,13122.11,167.13,412.98,505.87,609.75,75.66
2012-09-26,RMA,ft,6,12811.94,1301.71,-6865.54,2086.06,5321.38,0.00,0.00,591.29,2.84,1524.77,579.62,602.30,2558.48,665.60,11704.24,11020.83,604.33,11581.40,588.09,439.48,12853.52,162.74,413.70,499.27,585.47,76.10
2012-09-27,RMA,ft,6,12572.14,1428.94,-7742.54,2069.92,4346.65,0.00,0.00,630.21,2.88,1620.31,560.51,583.26,2776.83,643.58,11884.81,11324.92,584.53,11728.49,591.93,443.07,12632.47,158.51,424.62,502.29,572.69,76.98
2012-09-28,RMA,ft,6,12280.48,1411.47,-8026.54,2213.40,3586.61,0.00,0.00,663.79,2.90,1748.55,542.40,578.71,3069.91,623.32,12113.24,11685.21,568.56,11915.45,594.63,446.20,12480.51,156.67,440.84,507.18,594.38,77.70
2012-09-29,RMA,ft,6,12247.90,1388.67,-7845.54,1976.47,3999.40,0.00,0.00,669.00,2.85,1813.09,527.49,601.80,3361.56,603.25,12363.26,11934.33,556.10,12108.37,589.93,450.08,12390.61,154.36,457.54,515.55,629.86,78.93
2012-09-30,RMA,ft,6,12375.96,1434.22,-7944.54,2071.37,4055.72,0.00,0.00,659.88,2.76,1776.95,515.79,637.04,3230.59,588.51,12508.35,12074.83,542.91,12214.42,585.63,455.97,12348.05,151.02,450.02,511.10,658.07,79.02
2012-10-01,RMA,ft,6,11978.16,1527.01,-7745.54,2144.11,3864.11,0.00,0.00,615.13,2.67,1834.84,503.11,659.72,3213.87,575.03,12624.65,12235.59,529.89,12314.06,593.86,460.96,12320.78,147.40,439.99,502.07,663.55,78.94
2012-10-02,RMA,ft,6,12265.83,1651.61,-7816.54,2175.90,4185.62,0.00,0.00,639.17,2.54,1980.60,490.51,656.29,3419.36,561.63,12815.18,12434.61,518.32,12470.13,616.47,467.63,12306.75,140.30,445.73,502.13,644.34,79.39
2012-10-03,RMA,ft,6,11911.71,1757.91,-7743.54,2275.86,3847.21,0.00,0.00,656.04,2.29,2221.10,478.53,636.76,3795.92,550.16,13139.23,12802.28,509.06,12735.64,639.30,475.74,12321.93,140.59,475.51,519.69,630.85,80.23
2012-10-04,RMA,ft,6,11940.60,1849.50,-7537.54,2085.52,4303.37,0.00,0.00,671.13,2.06,2452.32,471.06,636.71,4326.12,540.50,13623.10,13419.63,505.61,13130.21,644.62,485.81,12379.39,149.60,520.60,550.36,646.15,81.19
2012-10-05,RMA,ft,6,12116.16,1828.01,-7624.54,1663.45,4775.65,0.00,0.00,647.50,1.79,2373.74,465.94,653.96,4312.91,530.66,14005.62,13792.84,501.01,13430.85,637.90,503.11,12471.74,149.03,535.91,562.00,660.71,82.01
2012-10-06,RMA,ft,6,12067.99,1937.30,-7689.54,1687.75,4798.08,0.00,0.00,645.67,1.51,2266.74,459.69,660.34,3872.14,526.27,14115.32,13754.58,495.08,13549.52,637.52,524.18,12570.22,143.42,504.24,540.69,657.45,81.16
2012-10-07,RMA,ft,6,12797.32,2108.89,-8123.54,1887.87,5042.88,0.00,0.00,605.92,1.42,2290.92,451.22,647.37,3727.72,521.29,14156.73,13690.72,488.21,13613.92,646.30,542.39,12666.57,133.19,470.57,510.69,644.36,80.69
2012-10-08,RMA,ft,6,14535.72,2236.30,-9076.54,2078.87,5726.25,0.00,0.00,600.63,1.42,2351.27,441.75,628.11,3696.79,513.85,14158.57,13643.85,479.86,13644.61,650.90,560.26,12761.66,129.10,445.97,496.19,620.01,80.59
2012-10-09,RMA,ft,6,14907.17,2330.10,-9089.54,2053.24,6249.76,0.00,0.00,573.21,1.44,2319.85,433.58,603.99,3561.48,507.93,14149.84,13624.80,469.92,13655.11,643.86,576.79,12853.47,126.87,417.39,491.87,600.16,80.28
2012-10-10,RMA,ft,6,15135.79,2418.74,-9099.54,2214.63,6650.38,0.00,0.00,570.25,1.67,2305.12,425.27,586.79,3495.81,503.66,14169.54,13648.55,460.74,13692.89,623.65,585.19,12943.47,123.61,393.81,492.75,581.37,79.87
2012-10-11,RMA,ft,6,15604.55,2544.19,-9161.54,2318.01,6942.69,0.00,0.00,525.29,2.03,2335.96,417.69,570.06,3676.62,497.36,14264.45,13848.15,455.37,13797.01,603.39,585.83,13041.96,123.46,388.91,496.03,564.65,80.05
2012-10-12,RMA,ft,6,16609.34,2530.30,-9493.54,1992.48,7854.80,0.00,0.00,495.96,2.42,2254.48,412.16,544.36,3630.33,492.19,14336.61,13989.97,449.62,13873.33,584.07,582.66,13133.06,126.82,393.41,500.74,533.25,80.42
2012-10-13,RMA,ft,6,17858.17,2571.04,-9883.54,1910.78,8800.92,0.00,0.00,516.38,2.91,2073.52,408.31,512.60,3220.38,488.60,14266.69,13889.20,443.53,13811.57,561.69,575.24,13191.43,128.19,385.08,491.31,507.64,79.75
2012-10-14,RMA,ft,6,20095.98,2724.66,-9202.54,2217.16,11532.65,0.00,0.00,533.08,3.57,1982.93,404.22,510.66,3029.08,485.04,14096.77,13631.79,439.37,13686.87,532.14,562.10,13236.25,128.74,361.21,467.92,514.67,78.61
2012-10-15,RMA,ft,6,23875.91,2782.83,-8302.54,2208.24,16275.83,0.00,0.00,501.17,4.19,1946.17,399.04,522.74,3004.61,481.00,13928.17,13406.03,434.73,13551.68,517.41,545.27,13269.60,136.24,355.67,458.58,523.31,78.68
2012-10-16,RMA,ft,6,26224.69,2731.96,-7747.54,2181.70,19172.88,0.00,0.00,441.63,4.73,1850.29,397.13,508.11,2860.14,476.38,13751.96,13192.81,430.39,13393.41,522.96,530.70,13274.95,137.55,349.20,445.64,498.44,78.46
2012-10-17,RMA,ft,6,27601.54,2797.89,-6811.54,2120.39,21803.55,0.00,0.00,435.50,4.88,1661.37,396.25,466.05,2473.45,464.71,13462.71,12801.11,425.51,13123.94,520.67,521.93,13235.08,139.18,329.60,417.00,455.03,77.77
2012-10-18,RMA,ft,6,28137.57,3038.69,-6468.54,2029.60,23027.69,0.00,0.00,396.08,4.64,1462.00,394.62,433.68,1958.45,451.30,13007.75,12240.76,419.79,12717.47,495.80,513.64,13144.93,148.13,300.86,387.53,429.62,76.27
2012-10-19,RMA,ft,6,27836.50,3255.06,-6332.54,1992.98,23060.73,0.00,0.00,394.29,4.14,1253.23,391.92,409.99,1551.44,444.92,12406.73,11538.75,414.19,12193.66,479.68,498.43,13012.77,149.54,282.93,367.34,403.77,74.75
2012-10-20,RMA,ft,6,27238.35,3286.44,-5781.54,1713.50,23285.22,0.00,0.00,410.63,3.51,1044.12,389.07,397.95,1204.24,438.34,11677.48,10605.54,408.76,11544.12,480.54,479.61,12825.32,146.04,267.43,344.32,398.45,73.10
2012-10-21,RMA,ft,6,26040.13,3258.62,-5617.54,1689.79,22201.59,0.00,0.00,384.21,2.85,872.54,385.91,401.22,930.86,429.65,10871.30,9629.05,401.37,10839.02,465.91,460.72,12585.74,143.02,252.65,322.96,401.74,71.55
2012-10-22,RMA,ft,6,24393.15,3226.94,-5393.54,1371.96,21079.15,0.00,0.00,377.88,2.45,731.99,381.75,392.28,707.25,420.31,10060.03,8698.42,393.09,10138.81,430.63,442.65,12303.23,140.45,236.21,303.57,386.43,69.62
2012-10-23,RMA,ft,6,22557.12,3251.51,-5330.54,736.18,20067.39,0.00,0.00,240.33,2.14,632.16,377.50,360.88,568.12,411.18,9351.58,7843.77,384.51,9542.03,411.50,429.71,12018.24,139.77,222.27,288.01,344.74,68.46
2012-10-24,RMA,ft,6,21509.58,3443.57,-5288.54,729.77,19334.07,0.00,0.00,231.75,2.14,557.64,372.25,279.31,456.43,399.96,8694.08,7068.76,376.60,8982.68,387.37,419.11,11710.38,140.75,214.58,275.41,259.40,66.42
2012-10-25,RMA,ft,6,20675.43,3793.87,-5312.54,1048.94,18491.80,0.00,0.00,253.33,2.26,501.75,366.65,239.78,401.23,388.18,8071.98,6396.04,369.09,8438.67,332.46,399.41,11350.30,143.51,207.52,262.48,239.92,65.56
2012-10-26,RMA,ft,6,20198.28,3715.68,-5334.54,1085.07,17810.29,0.00,0.00,263.04,2.46,458.78,360.78,250.30,372.85,377.53,7442.38,5807.35,361.78,7846.91,281.43,360.09,10935.54,147.56,200.11,251.06,254.15,64.72
2012-10-27,RMA,ft,6,18817.49,3612.00,-6941.54,1128.81,14581.32,0.00,0.00,285.38,2.69,429.82,352.92,264.35,388.92,368.08,6832.96,5360.67,353.43,7249.12,271.04,325.17,10429.94,147.16,195.16,243.84,269.46,64.84
2012-10-28,RMA,ft,6,18018.73,3896.31,-9791.54,1728.78,10589.76,0.00,0.00,314.75,2.92,420.71,341.24,284.93,458.11,356.61,6403.07,5155.83,342.43,6792.97,278.33,307.18,9843.76,144.31,195.03,241.54,293.65,65.85
2012-10-29,RMA,ft,6,16549.38,3970.11,-9612.54,1758.57,9353.04,0.00,0.00,368.00,3.04,425.81,329.23,317.70,537.08,345.26,6223.51,5156.52,331.11,6578.65,292.16,299.33,9308.87,143.26,198.36,242.05,330.99,67.34
2012-10-30,RMA,ft,6,15512.83,4074.19,-7808.54,1612.61,10360.23,0.00,0.00,449.04,3.14,431.39,320.22,373.04,585.07,335.23,6164.75,5189.60,321.53,6459.86,318.33,299.75,8880.47,142.77,201.29,239.49,391.50,67.60
2012-10-31,RMA,ft,6,14548.46,4241.29,-7181.54,1461.42,10474.25,0.00,0.00,544.54,3.10,447.34,313.29,453.12,675.95,325.86,6167.31,5290.42,313.34,6363.42,364.54,312.49,8484.74,138.59,202.50,234.89,475.43,68.27
2012-11-01,RMA,ft,6,13834.98,4420.58,-6799.54,947.25,10796.28,0.00,0.00,603.60,2.93,454.01,308.05,539.92,724.43,316.21,6249.07,5437.74,306.13,6381.82,436.02,346.32,8174.13,141.05,204.77,231.74,557.31,69.02
2012-11-02,RMA,ft,6,13028.02,4527.32,-5938.54,1996.55,9900.04,0.00,0.00,631.21,2.64,439.52,303.24,600.10,693.37,308.04,6286.22,5471.06,299.54,6396.65,510.99,408.01,7994.94,145.98,204.34,226.77,608.74,68.77
2012-11-03,RMA,ft,6,12212.05,4610.59,-5882.54,2150.47,9037.40,0.00,0.00,644.50,2.30,422.43,298.30,630.24,657.25,300.25,6249.86,5390.76,293.49,6330.36,571.40,482.50,7851.08,143.06,200.70,218.80,633.97,68.24
2012-11-04,RMA,ft,6,12047.95,4577.27,-5666.54,2080.14,9134.58,0.00,0.00,651.79,1.89,410.48,292.98,644.49,628.19,292.90,6164.29,5277.01,287.47,6223.12,607.99,544.09,7718.53,144.76,196.45,211.67,646.38,68.03
2012-11-05,RMA,ft,6,11656.25,4468.83,-5936.54,1992.37,8449.51,0.00,0.00,666.46,1.56,404.99,287.55,654.66,614.61,286.11,6069.09,5182.67,281.68,6108.84,627.30,583.66,7582.25,151.71,192.17,206.28,656.87,67.77
2012-11-06,RMA,ft,6,11217.70,4286.69,-6268.54,1971.25,7496.01,0.00,0.00,683.08,1.31,415.41,281.89,668.21,646.90,279.71,6031.25,5200.50,275.94,6048.34,640.23,605.87,7420.65,155.21,188.68,203.94,671.17,68.07
2012-11-07,RMA,ft,6,11101.01,4063.08,-5560.54,2110.64,7839.85,0.00,0.00,688.58,1.24,431.17,276.59,681.33,715.77,274.10,6086.40,5354.51,270.63,6098.67,654.43,620.17,7252.69,153.24,187.01,204.25,683.58,68.59
2012-11-08,RMA,ft,6,10616.78,3819.14,-6000.54,2162.32,6580.14,0.00,0.00,706.38,1.44,456.22,270.57,690.45,833.20,269.54,6234.96,5667.20,265.41,6230.54,666.91,630.49,7095.40,156.14,187.86,204.78,693.97,69.05
2012-11-09,RMA,ft,6,10243.30,2990.60,-6300.00,1863.71,5331.82,0.00,0.00,775.50,1.91,477.42,265.22,706.55,898.42,263.70,6441.78,6025.45,260.55,6415.42,676.77,636.31,6982.59,159.05,192.01,205.87,720.82,69.55
2012-11-10,RMA,ft,6,9364.50,2729.18,-6754.00,1622.69,3968.85,0.00,0.00,712.67,2.57,495.85,260.76,740.23,936.86,257.89,6640.51,6273.81,255.86,6582.88,690.17,638.03,6937.92,159.20,194.81,206.44,749.17,69.62
2012-11-11,RMA,ft,6,9037.41,2524.24,-6635.00,1774.27,3399.14,0.00,0.00,713.29,3.48,505.68,257.08,742.05,956.88,252.67,6768.06,6367.44,251.58,6671.44,714.17,638.93,6928.28,160.21,197.22,205.95,725.06,69.90
2012-11-12,RMA,ft,6,9075.37,2338.17,-6002.00,1769.54,3900.85,0.00,0.00,732.79,4.44,557.50,253.22,718.55,1065.43,247.85,6879.58,6482.91,247.33,6739.85,725.43,640.18,6922.27,162.39,201.77,205.97,717.21,70.15
2012-11-13,RMA,ft,6,8579.71,2189.79,-5972.00,1750.18,3308.80,0.00,0.00,739.00,5.33,700.48,248.78,718.64,1387.02,243.31,7146.08,6810.66,243.13,6934.97,715.23,640.56,6908.85,164.13,219.44,212.35,728.89,71.61
2012-11-14,RMA,ft,6,8287.33,2047.59,-6327.00,1709.16,2543.27,0.00,0.00,724.54,6.01,922.07,245.17,727.85,1877.30,239.24,7682.45,7466.40,239.42,7359.55,712.77,638.39,6921.38,164.95,255.33,228.89,735.05,73.74
2012-11-15,RMA,ft,6,7891.54,1941.59,-3498.00,1730.98,4887.05,0.00,0.00,707.54,6.02,1144.04,243.88,732.74,2351.14,236.34,8400.07,8292.57,237.09,7945.12,720.72,635.03,7005.38,167.30,299.38,251.12,727.75,75.47
2012-11-16,RMA,ft,6,7608.64,1805.49,-1567.00,1612.04,6547.58,0.00,0.00,687.92,5.53,1324.41,243.24,726.78,2720.79,234.43,9123.98,9081.94,235.72,8550.26,727.41,631.35,7171.78,168.54,341.76,273.81,713.11,77.00
2012-11-17,RMA,ft,6,7960.19,1693.30,-4086.00,1136.90,4662.13,0.00,0.00,651.67,4.66,1528.54,241.35,716.49,3027.75,233.55,9775.99,9774.38,234.59,9125.25,725.89,626.70,7396.42,168.72,379.49,298.53,694.55,77.72
2012-11-18,RMA,ft,6,8261.93,1608.69,-5523.00,404.20,4340.14,0.00,0.00,653.25,3.68,1624.81,238.32,704.68,3183.55,233.82,10240.64,10330.29,233.71,9530.88,716.38,622.31,7625.03,170.58,402.90,320.21,670.98,78.88
2012-11-19,RMA,ft,6,8674.08,1529.00,-5088.00,-457.94,6080.03,0.00,0.00,656.58,2.82,1436.81,236.98,684.38,2844.64,234.03,10331.05,10431.23,233.76,9651.81,702.72,621.82,7821.67,171.64,366.29,309.85,654.96,78.24
2012-11-20,RMA,ft,6,9265.14,1448.45,-5134.00,-338.53,6529.77,0.00,0.00,656.17,2.21,1406.92,235.28,667.54,2716.31,234.35,10415.59,10449.33,233.81,9785.15,686.54,619.94,8021.51,170.70,343.30,301.21,654.60,77.44
2012-11-21,RMA,ft,6,11749.93,1425.63,-9292.00,-464.76,5045.44,0.00,0.00,658.54,1.97,1534.61,232.73,663.65,2862.30,234.88,10600.05,10698.07,233.62,9983.82,671.01,614.24,8224.72,174.46,346.45,311.42,655.57,77.58
2012-11-22,RMA,ft,6,13606.36,1375.20,-10332.00,-1125.83,6530.24,0.00,0.00,655.33,1.96,1486.55,231.54,663.57,2761.57,235.71,10721.13,10916.66,233.69,10059.50,662.92,608.34,8386.36,184.03,334.94,316.55,654.56,77.93
2012-11-23,RMA,ft,6,15533.95,1289.13,-9215.00,-400.30,8712.63,0.00,1.00,639.67,2.17,1418.11,231.05,662.79,2567.74,236.99,10796.68,10987.64,234.26,10096.03,660.49,601.65,8536.16,182.39,307.28,308.28,649.05,76.83
2012-11-24,RMA,ft,6,16062.99,1244.55,-9443.00,25.35,8578.62,0.00,1.00,647.42,2.54,1477.65,230.68,663.52,2607.42,239.02,10846.42,11075.44,235.13,10007.37,660.20,591.60,8658.11,177.02,292.93,306.61,643.26,76.60
2012-11-25,RMA,ft,6,15660.31,1207.55,-8929.00,165.05,8479.22,0.00,1.00,661.92,2.91,1607.37,230.75,663.96,2806.16,242.03,10959.39,11218.06,236.97,9971.49,658.47,579.69,8716.59,176.18,297.33,315.24,640.72,77.40
2012-11-26,RMA,ft,6,16940.83,1180.13,-8415.00,170.55,10190.83,0.00,1.00,687.71,3.16,1723.49,231.59,662.77,2991.48,246.06,11111.69,11419.23,239.88,9950.95,653.70,567.13,8707.83,175.66,308.10,327.20,648.66,78.21
2012-11-27,RMA,ft,6,18374.81,1158.24,-8437.00,912.36,10819.10,0.00,1.00,714.50,3.55,1809.52,233.18,660.16,3070.47,250.95,11247.63,11613.87,243.91,9903.59,650.20,554.32,8636.07,174.20,315.29,336.04,665.59,78.71
2012-11-28,RMA,ft,6,16941.03,1158.76,-8498.00,948.86,9257.40,0.00,0.00,726.08,3.95,2040.19,235.96,655.84,3291.95,257.30,11523.38,11895.47,249.96,10072.73,652.75,539.56,8532.11,169.75,329.01,347.44,672.81,78.87
2012-11-29,RMA,ft,6,15472.03,1133.29,-8889.00,-477.89,8839.77,0.00,0.00,723.88,3.57,2258.91,240.10,648.97,3566.83,266.18,11954.63,12337.58,258.24,10540.33,663.84,523.85,8532.07,171.99,372.45,393.57,624.06,80.18
2012-11-30,RMA,ft,6,14609.80,1107.95,-9509.00,-629.45,7578.98,0.00,0.00,721.25,3.44,2351.06,246.58,640.25,3607.72,280.95,12361.91,12647.75,269.93,11088.60,679.79,509.99,8675.59,186.86,370.20,409.09,562.91,79.84
2012-12-01,RMA,ft,6,14359.18,1104.58,-10560.00,-5311.78,12065.96,0.00,0.00,690.54,3.21,2273.11,254.36,629.94,3389.35,295.62,12543.41,12838.58,280.89,11270.19,691.80,498.77,8883.85,196.76,383.20,434.01,493.22,80.56
2012-12-02,RMA,ft,6,15872.38,1163.87,-10041.00,-5883.13,16397.12,0.00,0.00,626.71,2.85,1979.27,263.09,624.09,2818.17,308.72,12426.53,12606.52,292.56,11238.21,693.09,493.08,9024.39,184.59,358.48,419.12,488.05,78.82
2012-12-03,RMA,ft,6,19305.53,1256.28,-11001.00,-9745.52,25072.27,0.00,0.00,631.33,2.21,1605.86,272.53,618.88,2042.97,317.83,11938.46,12024.34,299.89,10756.48,685.25,491.58,9106.28,149.24,339.53,398.59,459.75,77.93
2012-12-04,RMA,ft,6,32955.54,1472.59,-11094.00,-9880.32,38962.08,0.00,0.00,576.75,1.81,1115.41,279.06,627.95,1046.89,320.80,10957.74,10729.01,303.13,9885.67,670.61,499.71,9082.66,114.19,293.61,357.23,449.22,72.89
2012-12-05,RMA,ft,6,48750.80,1529.78,-10991.00,-9867.22,53287.62,0.00,0.00,577.17,1.49,849.48,284.19,632.80,605.88,321.93,9873.30,9230.01,304.52,9040.31,646.72,503.08,9028.46,107.39,217.36,287.87,449.19,69.21
2012-12-06,RMA,ft,6,57398.30,1728.88,-11198.00,-7502.74,59675.69,0.00,0.00,640.67,1.33,663.46,286.13,624.19,331.69,319.59,8684.72,7780.75,302.15,8066.18,622.75,507.26,8948.38,120.85,162.38,240.35,462.36,65.72
2012-12-07,RMA,ft,6,59224.36,1758.54,-11022.00,-6751.35,61404.55,0.00,0.00,623.92,1.49,518.54,284.48,607.25,206.67,315.65,7376.36,6260.64,297.20,6999.36,602.36,513.52,8785.94,125.53,146.93,214.07,518.34,61.50
2012-12-08,RMA,ft,6,58086.95,1742.32,-11230.00,-2473.77,55327.18,0.00,0.00,661.79,1.99,416.92,279.68,606.92,177.98,308.10,6039.93,4799.45,290.22,5945.11,606.44,516.44,8483.51,127.02,144.60,194.71,559.62,58.77
2012-12-09,RMA,ft,6,58049.27,1809.77,-11206.00,-1500.63,54206.41,0.00,0.00,715.75,2.92,351.83,272.60,617.76,166.50,297.79,4833.95,3622.13,280.38,4974.21,626.50,515.89,8045.77,134.70,147.46,183.39,598.32,57.06
2012-12-10,RMA,ft,6,58982.71,1770.42,-6066.00,-1340.06,59905.63,0.00,0.00,730.21,4.10,304.27,266.73,639.27,161.77,286.03,3836.81,2756.35,270.45,4129.81,633.34,516.45,7473.30,140.52,154.70,178.94,684.46,55.68
2012-12-11,RMA,ft,6,57751.40,1695.09,-6101.00,224.04,56787.70,0.00,0.00,751.25,5.20,266.35,260.97,667.73,164.78,274.42,2991.45,2099.16,260.94,3344.63,646.74,514.72,6759.79,147.21,157.38,173.56,721.93,54.65
2012-12-12,RMA,ft,6,54031.70,1632.30,-6017.00,899.23,52266.84,0.00,0.00,778.58,6.05,237.79,252.21,684.15,166.75,264.16,2391.37,1663.54,250.56,2746.07,673.42,508.21,5998.39,156.23,159.95,171.34,739.19,55.66
2012-12-13,RMA,ft,6,47511.96,1561.11,-10573.00,721.59,41159.26,0.00,0.00,785.63,6.39,219.58,239.49,682.06,167.58,251.60,2088.58,1459.98,238.71,2410.57,705.83,500.10,5329.48,171.73,164.59,172.94,752.92,56.59
2012-12-14,RMA,ft,6,41325.11,1494.21,-11101.00,922.49,34056.56,0.00,0.00,797.79,6.29,207.48,227.84,673.06,170.84,238.22,1904.13,1350.95,227.88,2163.98,730.50,491.48,4754.62,187.69,171.33,176.61,759.93,56.61
2012-12-15,RMA,ft,6,36488.88,1420.65,-11086.00,946.68,28856.59,0.00,0.00,807.63,5.52,200.69,217.96,661.08,176.73,227.88,1807.01,1310.90,218.83,2014.49,749.02,482.60,4280.29,198.69,179.92,182.35,758.15,57.69
2012-12-16,RMA,ft,6,33087.37,1351.36,-11137.00,557.70,25352.73,0.00,0.00,818.38,4.60,198.10,210.32,652.86,182.51,219.94,1754.69,1291.32,211.63,1917.80,761.54,475.92,3918.28,204.87,187.13,187.27,768.05,57.67
2012-12-17,RMA,ft,6,30842.19,1279.06,-11072.00,459.16,22818.63,0.00,0.00,828.00,3.54,196.76,203.42,642.42,190.15,214.92,1740.41,1314.48,205.77,1852.03,769.21,466.86,3591.52,207.36,192.47,191.45,773.42,58.58
2012-12-18,RMA,ft,6,27524.00,1408.00,-11564.00,39.66,19269.30,0.00,0.00,854.08,2.57,197.61,197.95,636.00,196.61,211.09,1785.52,1381.72,201.87,1864.42,779.03,459.85,3345.73,204.65,196.64,194.87,736.25,59.87
2012-12-19,RMA,ft,6,25245.00,1400.00,-11288.00,-31.41,17674.98,0.00,0.00,840.92,1.89,199.56,195.11,649.20,199.76,207.94,1814.83,1384.93,199.19,1878.00,789.70,459.98,3184.58,195.74,198.98,196.43,725.27,59.50
2012-12-20,RMA,ft,6,24030.00,1390.00,-11288.00,-36.02,16128.10,0.00,0.00,832.42,1.64,201.31,192.46,667.45,204.60,204.06,1843.10,1419.06,197.24,1877.19,800.48,458.66,3025.33,185.42,199.06,197.08,778.66,58.76
2012-12-21,RMA,ft,6,25576.00,1406.00,-4762.00,429.37,23605.07,0.00,0.00,827.54,1.73,204.66,190.90,699.01,219.76,201.60,2042.26,1679.47,195.71,1989.25,808.90,451.00,2829.39,168.96,196.96,196.82,832.94,60.63
2012-12-22,RMA,ft,6,30044.00,1407.00,-2647.00,63.62,30476.88,0.00,0.00,826.79,2.27,208.78,191.02,745.97,231.65,200.50,2394.07,2081.53,194.93,2228.44,819.01,446.23,2691.47,156.20,192.70,194.69,830.82,62.66
2012-12-23,RMA,ft,6,31223.00,1385.00,-2664.00,-3147.77,35468.70,0.00,0.00,833.96,2.51,208.31,190.98,790.85,220.80,199.71,2594.05,2256.20,194.11,2359.59,826.88,451.65,2670.08,152.49,184.88,189.85,828.02,62.24
2012-12-24,RMA,ft,6,29815.00,1365.00,-1763.00,-4629.21,38462.60,0.00,0.00,781.04,2.86,204.40,191.08,815.91,200.17,198.21,2568.69,2168.08,193.61,2329.37,827.79,460.03,2684.80,145.98,175.80,183.45,828.23,61.30
2012-12-25,RMA,ft,6,33569.00,1390.00,-1632.00,-4711.99,43529.65,0.00,0.00,667.96,3.14,198.91,191.42,823.54,182.76,196.87,2300.57,1824.56,193.28,2111.48,824.55,477.17,2693.11,118.70,170.14,177.40,814.88,59.22
2012-12-26,RMA,ft,6,46199.00,1555.00,-2646.00,-6267.61,56684.28,0.00,0.00,448.04,3.58,193.63,191.78,800.01,174.53,195.45,2009.05,1514.95,192.63,1877.40,821.13,492.86,2651.90,108.54,161.18,169.35,743.73,58.77
2012-12-27,RMA,ft,6,57433.00,2044.00,-1777.00,-6067.90,70673.70,0.00,0.00,408.38,3.65,188.36,192.07,649.97,158.83,193.80,1733.67,1245.19,191.69,1658.15,806.39,529.04,2586.28,110.57,146.98,155.14,563.89,58.18
2012-12-28,RMA,ft,6,65311.00,3507.00,-3310.00,-3324.19,74522.88,0.00,0.00,401.08,3.76,180.05,192.36,450.41,141.61,191.49,1382.79,933.91,190.50,1371.21,720.45,592.22,2460.08,112.53,133.31,139.95,422.29,54.73
2012-12-29,RMA,ft,6,68994.00,3423.00,-3521.00,-1631.71,74371.96,0.00,0.00,351.21,3.25,167.70,192.18,398.28,133.03,188.53,1093.68,714.04,188.55,1121.93,571.54,618.05,2264.66,119.56,126.34,131.18,389.36,53.50
